[INFO] Scanning for projects...
[INFO] 
[INFO] -------------------------< C2SE.21:Capstone2 >--------------------------
[INFO] Building Capstone2 0.0.1-SNAPSHOT
[INFO]   from pom.xml
[INFO] --------------------------------[ jar ]---------------------------------
[INFO] 
[INFO] >>> spring-boot:4.0.3:run (default-cli) > test-compile @ Capstone2 >>>
[INFO] 
[INFO] --- resources:3.3.1:resources (default-resources) @ Capstone2 ---
[INFO] Copying 1 resource from src\main\resources to target\classes
[INFO] Copying 0 resource from src\main\resources to target\classes
[INFO] 
[INFO] --- compiler:3.14.1:compile (default-compile) @ Capstone2 ---
[INFO] Nothing to compile - all classes are up to date.
[INFO] 
[INFO] --- resources:3.3.1:testResources (default-testResources) @ Capstone2 ---
[INFO] skip non existing resourceDirectory C:\Users\ducth\.codex\worktrees\52be\SmartDSS\Backend\Capstone2\src\test\resources
[INFO] 
[INFO] --- compiler:3.14.1:testCompile (default-testCompile) @ Capstone2 ---
[INFO] Nothing to compile - all classes are up to date.
[INFO] 
[INFO] <<< spring-boot:4.0.3:run (default-cli) < test-compile @ Capstone2 <<<
[INFO] 
[INFO] 
[INFO] --- spring-boot:4.0.3:run (default-cli) @ Capstone2 ---
[INFO] Attaching agents: []

  .   ____          _            __ _ _
 /\\ / ___'_ __ _ _(_)_ __  __ _ \ \ \ \
( ( )\___ | '_ | '_| | '_ \/ _` | \ \ \ \
 \\/  ___)| |_)| | | | | || (_| |  ) ) ) )
  '  |____| .__|_| |_|_| |_\__, | / / / /
 =========|_|==============|___/=/_/_/_/

 :: Spring Boot ::                (v4.0.3)

2026-04-12T11:53:01.992+07:00  INFO [req:] 1940 --- [Capstone2] [  restartedMain] C2SE._1.Capstone2.Capstone2Application   : Starting Capstone2Application using Java 24.0.1 with PID 1940 (C:\Users\ducth\.codex\worktrees\52be\SmartDSS\Backend\Capstone2\target\classes started by ducth in C:\Users\ducth\.codex\worktrees\52be\SmartDSS\Backend\Capstone2)
2026-04-12T11:53:01.996+07:00  INFO [req:] 1940 --- [Capstone2] [  restartedMain] C2SE._1.Capstone2.Capstone2Application   : No active profile set, falling back to 1 default profile: "default"
2026-04-12T11:53:02.037+07:00  INFO [req:] 1940 --- [Capstone2] [  restartedMain] .e.DevToolsPropertyDefaultsPostProcessor : Devtools property defaults active! Set 'spring.devtools.add-properties' to 'false' to disable
2026-04-12T11:53:02.038+07:00  INFO [req:] 1940 --- [Capstone2] [  restartedMain] .e.DevToolsPropertyDefaultsPostProcessor : For additional web related logging consider setting the 'logging.level.web' property to 'DEBUG'
2026-04-12T11:53:03.203+07:00  INFO [req:] 1940 --- [Capstone2] [  restartedMain] .s.d.r.c.RepositoryConfigurationDelegate : Bootstrapping Spring Data JPA repositories in DEFAULT mode.
2026-04-12T11:53:03.320+07:00  INFO [req:] 1940 --- [Capstone2] [  restartedMain] .s.d.r.c.RepositoryConfigurationDelegate : Finished Spring Data repository scanning in 108 ms. Found 19 JPA repository interfaces.
2026-04-12T11:53:03.986+07:00  INFO [req:] 1940 --- [Capstone2] [  restartedMain] o.s.boot.tomcat.TomcatWebServer          : Tomcat initialized with port 8080 (http)
2026-04-12T11:53:03.997+07:00  INFO [req:] 1940 --- [Capstone2] [  restartedMain] o.apache.catalina.core.StandardService   : Starting service [Tomcat]
2026-04-12T11:53:03.998+07:00  INFO [req:] 1940 --- [Capstone2] [  restartedMain] o.apache.catalina.core.StandardEngine    : Starting Servlet engine: [Apache Tomcat/11.0.18]
2026-04-12T11:53:04.045+07:00  INFO [req:] 1940 --- [Capstone2] [  restartedMain] b.w.c.s.WebApplicationContextInitializer : Root WebApplicationContext: initialization completed in 2006 ms
2026-04-12T11:53:04.267+07:00  INFO [req:] 1940 --- [Capstone2] [  restartedMain] org.hibernate.orm.jpa                    : HHH008540: Processing PersistenceUnitInfo [name: default]
2026-04-12T11:53:04.314+07:00  INFO [req:] 1940 --- [Capstone2] [  restartedMain] org.hibernate.orm.core                   : HHH000001: Hibernate ORM core version 7.2.4.Final
2026-04-12T11:53:04.736+07:00  INFO [req:] 1940 --- [Capstone2] [  restartedMain] o.s.o.j.p.SpringPersistenceUnitInfo      : No LoadTimeWeaver setup: ignoring JPA class transformer
2026-04-12T11:53:04.765+07:00  INFO [req:] 1940 --- [Capstone2] [  restartedMain] com.zaxxer.hikari.HikariDataSource       : HikariPool-1 - Starting...
2026-04-12T11:53:04.920+07:00  INFO [req:] 1940 --- [Capstone2] [  restartedMain] com.zaxxer.hikari.pool.HikariPool        : HikariPool-1 - Added connection com.mysql.cj.jdbc.ConnectionImpl@524f7e4a
2026-04-12T11:53:04.923+07:00  INFO [req:] 1940 --- [Capstone2] [  restartedMain] com.zaxxer.hikari.HikariDataSource       : HikariPool-1 - Start completed.
2026-04-12T11:53:04.973+07:00  WARN [req:] 1940 --- [Capstone2] [  restartedMain] org.hibernate.orm.deprecation            : HHH90000025: MySQLDialect does not need to be specified explicitly using 'hibernate.dialect' (remove the property setting and it will be selected by default)
2026-04-12T11:53:04.994+07:00  INFO [req:] 1940 --- [Capstone2] [  restartedMain] org.hibernate.orm.connections.pooling    : HHH10001005: Database info:
	Database JDBC URL [jdbc:mysql://localhost:3306/smartdss?createDatabaseIfNotExist=true&useSSL=false&serverTimezone=UTC&allowPublicKeyRetrieval=true]
	Database driver: MySQL Connector/J
	Database dialect: MySQLDialect
	Database version: 9.2
	Default catalog/schema: smartdss/undefined
	Autocommit mode: undefined/unknown
	Isolation level: REPEATABLE_READ [default REPEATABLE_READ]
	JDBC fetch size: none
	Pool: DataSourceConnectionProvider
	Minimum pool size: undefined/unknown
	Maximum pool size: undefined/unknown
2026-04-12T11:53:06.109+07:00  INFO [req:] 1940 --- [Capstone2] [  restartedMain] org.hibernate.orm.core                   : HHH000489: No JTA platform available (set 'hibernate.transaction.jta.platform' to enable JTA platform integration)
Hibernate: 
    alter table customer_feedbacks 
       modify column status enum ('IN_REVIEW','NEW','RESOLVED') not null
Hibernate: 
    alter table events 
       modify column event_type enum ('CONCERT','CONFERENCE','FESTIVAL','HOLIDAY','OTHER','PROMOTION','SPORT') not null
Hibernate: 
    alter table events 
       modify column expected_impact enum ('CRITICAL','HIGH','LOW','MEDIUM')
Hibernate: 
    alter table holiday_calendar 
       modify column holiday_type enum ('COMPANY','CULTURAL','OTHER','PUBLIC_HOLIDAY','RELIGIOUS','SCHOOL') not null
Hibernate: 
    alter table inventory_transactions 
       modify column type enum ('ADD','DEDUCT') not null
Hibernate: 
    alter table orders 
       modify column status enum ('CANCELLED','COMPLETED','PENDING','PREPARING') not null
Hibernate: 
    alter table roles 
       modify column name enum ('ADMIN','MANAGER','STAFF') not null
2026-04-12T11:53:06.260+07:00  INFO [req:] 1940 --- [Capstone2] [  restartedMain] j.LocalContainerEntityManagerFactoryBean : Initialized JPA EntityManagerFactory for persistence unit 'default'
2026-04-12T11:53:06.333+07:00  INFO [req:] 1940 --- [Capstone2] [  restartedMain] o.s.d.j.r.query.QueryEnhancerFactories   : Hibernate is in classpath; If applicable, HQL parser will be used.
2026-04-12T11:53:07.354+07:00  INFO [req:] 1940 --- [Capstone2] [  restartedMain] r$InitializeUserDetailsManagerConfigurer : Global AuthenticationManager configured with UserDetailsService bean with name customUserDetailsService
2026-04-12T11:53:09.579+07:00  INFO [req:] 1940 --- [Capstone2] [  restartedMain] o.s.b.a.e.web.EndpointLinksResolver      : Exposing 3 endpoints beneath base path '/actuator'
2026-04-12T11:53:09.653+07:00  INFO [req:] 1940 --- [Capstone2] [  restartedMain] o.s.m.s.b.SimpleBrokerMessageHandler     : Starting...
2026-04-12T11:53:09.654+07:00  INFO [req:] 1940 --- [Capstone2] [  restartedMain] o.s.m.s.b.SimpleBrokerMessageHandler     : BrokerAvailabilityEvent[available=true, SimpleBrokerMessageHandler [org.springframework.messaging.simp.broker.DefaultSubscriptionRegistry@52ff5d26]]
2026-04-12T11:53:09.655+07:00  INFO [req:] 1940 --- [Capstone2] [  restartedMain] o.s.m.s.b.SimpleBrokerMessageHandler     : Started.
2026-04-12T11:53:09.672+07:00  INFO [req:] 1940 --- [Capstone2] [  restartedMain] o.s.boot.tomcat.TomcatWebServer          : Tomcat started on port 8080 (http) with context path '/'
2026-04-12T11:53:09.680+07:00  INFO [req:] 1940 --- [Capstone2] [  restartedMain] C2SE._1.Capstone2.Capstone2Application   : Started Capstone2Application in 8.032 seconds (process running for 8.497)
2026-04-12T11:53:09.696+07:00  INFO [req:] 1940 --- [Capstone2] [MessageBroker-2] C._.C.service.impl.WeatherServiceImpl    : Scheduled weather fetch started
Hibernate: 
    select
        r1_0.id,
        r1_0.created_at,
        r1_0.description,
        r1_0.name,
        r1_0.updated_at 
    from
        roles r1_0 
    where
        r1_0.name=?
Hibernate: 
    select
        r1_0.id,
        r1_0.created_at,
        r1_0.description,
        r1_0.name,
        r1_0.updated_at 
    from
        roles r1_0 
    where
        r1_0.name=?
Hibernate: 
    select
        r1_0.id,
        r1_0.created_at,
        r1_0.description,
        r1_0.name,
        r1_0.updated_at 
    from
        roles r1_0 
    where
        r1_0.name=?
2026-04-12T11:53:09.900+07:00  INFO [req:] 1940 --- [Capstone2] [  restartedMain] C._.Capstone2.config.StaffRoleMigration  : StaffRoleMigration: merged users waiter=0 barista=0 into STAFF, deleted roles waiter=0 barista=0
2026-04-12T11:53:09.966+07:00  INFO [req:] 1940 --- [Capstone2] [nio-8080-exec-2] o.a.c.c.C.[Tomcat].[localhost].[/]       : Initializing Spring DispatcherServlet 'dispatcherServlet'
2026-04-12T11:53:09.967+07:00  INFO [req:] 1940 --- [Capstone2] [nio-8080-exec-2] o.s.web.servlet.DispatcherServlet        : Initializing Servlet 'dispatcherServlet'
2026-04-12T11:53:09.970+07:00  INFO [req:] 1940 --- [Capstone2] [nio-8080-exec-2] o.s.web.servlet.DispatcherServlet        : Completed initialization in 2 ms
Hibernate: 
    select
        u1_0.id,
        u1_0.active,
        u1_0.created_at,
        u1_0.email,
        u1_0.full_name,
        u1_0.password,
        u1_0.phone,
        u1_0.role_id,
        u1_0.updated_at,
        u1_0.username 
    from
        users u1_0 
    where
        u1_0.username=?
Hibernate: 
    select
        u1_0.id,
        u1_0.active,
        u1_0.created_at,
        u1_0.email,
        u1_0.full_name,
        u1_0.password,
        u1_0.phone,
        u1_0.role_id,
        u1_0.updated_at,
        u1_0.username 
    from
        users u1_0 
    where
        u1_0.username=?
Hibernate: 
    select
        r1_0.id,
        r1_0.created_at,
        r1_0.description,
        r1_0.name,
        r1_0.updated_at 
    from
        roles r1_0 
    where
        r1_0.id=?
Hibernate: 
    select
        r1_0.id,
        r1_0.created_at,
        r1_0.description,
        r1_0.name,
        r1_0.updated_at 
    from
        roles r1_0 
    where
        r1_0.id=?
Hibernate: 
    select
        wd1_0.id,
        wd1_0.city,
        wd1_0.weather_condition,
        wd1_0.created_at,
        wd1_0.description,
        wd1_0.feels_like,
        wd1_0.humidity,
        wd1_0.icon,
        wd1_0.rainfall,
        wd1_0.record_date,
        wd1_0.temperature,
        wd1_0.updated_at,
        wd1_0.wind_speed 
    from
        weather_data wd1_0 
    where
        wd1_0.record_date=?
2026-04-12T11:53:10.485+07:00  INFO [req:] 1940 --- [Capstone2] [MessageBroker-2] C._.C.service.impl.WeatherServiceImpl    : Weather fetch succeeded on attempt 1
Hibernate: 
    select
        u1_0.id,
        u1_0.active,
        u1_0.created_at,
        u1_0.email,
        u1_0.full_name,
        u1_0.password,
        u1_0.phone,
        u1_0.role_id,
        u1_0.updated_at,
        u1_0.username 
    from
        users u1_0 
    where
        u1_0.username=?
Hibernate: 
    select
        r1_0.id,
        r1_0.created_at,
        r1_0.description,
        r1_0.name,
        r1_0.updated_at 
    from
        roles r1_0 
    where
        r1_0.id=?
Hibernate: 
    select
        u1_0.id,
        u1_0.active,
        u1_0.created_at,
        u1_0.email,
        u1_0.full_name,
        u1_0.password,
        u1_0.phone,
        u1_0.role_id,
        u1_0.updated_at,
        u1_0.username 
    from
        users u1_0 
    where
        u1_0.username=?
Hibernate: 
    select
        r1_0.id,
        r1_0.created_at,
        r1_0.description,
        r1_0.name,
        r1_0.updated_at 
    from
        roles r1_0 
    where
        r1_0.id=?
Hibernate: 
    select
        u1_0.id,
        u1_0.active,
        u1_0.created_at,
        u1_0.email,
        u1_0.full_name,
        u1_0.password,
        u1_0.phone,
        u1_0.role_id,
        u1_0.updated_at,
        u1_0.username 
    from
        users u1_0 
    where
        u1_0.username=?
Hibernate: 
    select
        r1_0.id,
        r1_0.created_at,
        r1_0.description,
        r1_0.name,
        r1_0.updated_at 
    from
        roles r1_0 
    where
        r1_0.id=?
Hibernate: 
    select
        u1_0.id,
        u1_0.active,
        u1_0.created_at,
        u1_0.email,
        u1_0.full_name,
        u1_0.password,
        u1_0.phone,
        u1_0.role_id,
        u1_0.updated_at,
        u1_0.username 
    from
        users u1_0 
    where
        u1_0.username=?
Hibernate: 
    select
        r1_0.id,
        r1_0.created_at,
        r1_0.description,
        r1_0.name,
        r1_0.updated_at 
    from
        roles r1_0 
    where
        r1_0.id=?
2026-04-12T11:54:09.634+07:00  INFO [req:] 1940 --- [Capstone2] [MessageBroker-3] o.s.w.s.c.WebSocketMessageBrokerStats    : WebSocketSession[6 current WS(6)-HttpStream(0)-HttpPoll(0), 6 total, 0 closed abnormally (0 connect failure, 0 send limit, 0 transport error)], stompSubProtocol[processed CONNECT(6)-CONNECTED(6)-DISCONNECT(0)], stompBrokerRelay[null], inboundChannel[pool size = 32, active threads = 0, queued tasks = 0, completed tasks = 36], outboundChannel[pool size = 6, active threads = 0, queued tasks = 0, completed tasks = 6], sockJsScheduler[pool size = 5, active threads = 1, queued tasks = 2, completed tasks = 2]
Hibernate: 
    select
        u1_0.id,
        u1_0.active,
        u1_0.created_at,
        u1_0.email,
        u1_0.full_name,
        u1_0.password,
        u1_0.phone,
        u1_0.role_id,
        u1_0.updated_at,
        u1_0.username 
    from
        users u1_0 
    where
        u1_0.username=?
Hibernate: 
    select
        r1_0.id,
        r1_0.created_at,
        r1_0.description,
        r1_0.name,
        r1_0.updated_at 
    from
        roles r1_0 
    where
        r1_0.id=?
Hibernate: 
    select
        u1_0.id,
        u1_0.active,
        u1_0.created_at,
        u1_0.email,
        u1_0.full_name,
        u1_0.password,
        u1_0.phone,
        u1_0.role_id,
        u1_0.updated_at,
        u1_0.username 
    from
        users u1_0 
    where
        u1_0.username=?
Hibernate: 
    select
        r1_0.id,
        r1_0.created_at,
        r1_0.description,
        r1_0.name,
        r1_0.updated_at 
    from
        roles r1_0 
    where
        r1_0.id=?
Hibernate: 
    select
        u1_0.id,
        u1_0.active,
        u1_0.created_at,
        u1_0.email,
        u1_0.full_name,
        u1_0.password,
        u1_0.phone,
        u1_0.role_id,
        u1_0.updated_at,
        u1_0.username 
    from
        users u1_0 
    where
        u1_0.username=?
Hibernate: 
    select
        r1_0.id,
        r1_0.created_at,
        r1_0.description,
        r1_0.name,
        r1_0.updated_at 
    from
        roles r1_0 
    where
        r1_0.id=?
Hibernate: 
    select
        u1_0.id,
        u1_0.active,
        u1_0.created_at,
        u1_0.email,
        u1_0.full_name,
        u1_0.password,
        u1_0.phone,
        u1_0.role_id,
        u1_0.updated_at,
        u1_0.username 
    from
        users u1_0 
    order by
        u1_0.created_at desc 
    limit
        ?, ?
Hibernate: 
    select
        r1_0.id,
        r1_0.created_at,
        r1_0.description,
        r1_0.name,
        r1_0.updated_at 
    from
        roles r1_0 
    where
        r1_0.id=?
Hibernate: 
    select
        r1_0.id,
        r1_0.created_at,
        r1_0.description,
        r1_0.name,
        r1_0.updated_at 
    from
        roles r1_0 
    where
        r1_0.id=?
Hibernate: 
    select
        count(u1_0.id) 
    from
        users u1_0
Hibernate: 
    select
        u1_0.id,
        u1_0.active,
        u1_0.created_at,
        u1_0.email,
        u1_0.full_name,
        u1_0.password,
        u1_0.phone,
        u1_0.role_id,
        u1_0.updated_at,
        u1_0.username 
    from
        users u1_0 
    where
        u1_0.username=?
Hibernate: 
    select
        r1_0.id,
        r1_0.created_at,
        r1_0.description,
        r1_0.name,
        r1_0.updated_at 
    from
        roles r1_0 
    where
        r1_0.id=?
Hibernate: 
    select
        u1_0.id,
        u1_0.active,
        u1_0.created_at,
        u1_0.email,
        u1_0.full_name,
        u1_0.password,
        u1_0.phone,
        u1_0.role_id,
        u1_0.updated_at,
        u1_0.username 
    from
        users u1_0 
    where
        u1_0.username=?
Hibernate: 
    select
        r1_0.id,
        r1_0.created_at,
        r1_0.description,
        r1_0.name,
        r1_0.updated_at 
    from
        roles r1_0 
    where
        r1_0.id=?
Hibernate: 
    select
        u1_0.id,
        u1_0.active,
        u1_0.created_at,
        u1_0.email,
        u1_0.full_name,
        u1_0.password,
        u1_0.phone,
        u1_0.role_id,
        u1_0.updated_at,
        u1_0.username 
    from
        users u1_0 
    where
        u1_0.username=?
Hibernate: 
    select
        r1_0.id,
        r1_0.created_at,
        r1_0.description,
        r1_0.name,
        r1_0.updated_at 
    from
        roles r1_0 
    where
        r1_0.id=?
Hibernate: 
    select
        u1_0.id,
        u1_0.active,
        u1_0.created_at,
        u1_0.email,
        u1_0.full_name,
        u1_0.password,
        u1_0.phone,
        u1_0.role_id,
        u1_0.updated_at,
        u1_0.username 
    from
        users u1_0 
    where
        u1_0.username=?
Hibernate: 
    select
        r1_0.id,
        r1_0.created_at,
        r1_0.description,
        r1_0.name,
        r1_0.updated_at 
    from
        roles r1_0 
    where
        r1_0.id=?
Hibernate: 
    select
        u1_0.id,
        u1_0.active,
        u1_0.created_at,
        u1_0.email,
        u1_0.full_name,
        u1_0.password,
        u1_0.phone,
        u1_0.role_id,
        u1_0.updated_at,
        u1_0.username 
    from
        users u1_0 
    where
        u1_0.username=?
Hibernate: 
    select
        r1_0.id,
        r1_0.created_at,
        r1_0.description,
        r1_0.name,
        r1_0.updated_at 
    from
        roles r1_0 
    where
        r1_0.id=?
Hibernate: 
    select
        u1_0.id,
        u1_0.active,
        u1_0.created_at,
        u1_0.email,
        u1_0.full_name,
        u1_0.password,
        u1_0.phone,
        u1_0.role_id,
        u1_0.updated_at,
        u1_0.username 
    from
        users u1_0 
    where
        u1_0.username=?
Hibernate: 
    select
        r1_0.id,
        r1_0.created_at,
        r1_0.description,
        r1_0.name,
        r1_0.updated_at 
    from
        roles r1_0 
    where
        r1_0.id=?
Hibernate: 
    select
        u1_0.id,
        u1_0.active,
        u1_0.created_at,
        u1_0.email,
        u1_0.full_name,
        u1_0.password,
        u1_0.phone,
        u1_0.role_id,
        u1_0.updated_at,
        u1_0.username 
    from
        users u1_0 
    where
        u1_0.username=?
Hibernate: 
    select
        r1_0.id,
        r1_0.created_at,
        r1_0.description,
        r1_0.name,
        r1_0.updated_at 
    from
        roles r1_0 
    where
        r1_0.id=?
Hibernate: 
    select
        u1_0.id,
        u1_0.active,
        u1_0.created_at,
        u1_0.email,
        u1_0.full_name,
        u1_0.password,
        u1_0.phone,
        u1_0.role_id,
        u1_0.updated_at,
        u1_0.username 
    from
        users u1_0 
    where
        u1_0.username=?
Hibernate: 
    select
        u1_0.id,
        u1_0.active,
        u1_0.created_at,
        u1_0.email,
        u1_0.full_name,
        u1_0.password,
        u1_0.phone,
        u1_0.role_id,
        u1_0.updated_at,
        u1_0.username 
    from
        users u1_0 
    where
        u1_0.username=?
Hibernate: 
    select
        u1_0.id,
        u1_0.active,
        u1_0.created_at,
        u1_0.email,
        u1_0.full_name,
        u1_0.password,
        u1_0.phone,
        u1_0.role_id,
        u1_0.updated_at,
        u1_0.username 
    from
        users u1_0 
    where
        u1_0.username=?
Hibernate: 
    select
        r1_0.id,
        r1_0.created_at,
        r1_0.description,
        r1_0.name,
        r1_0.updated_at 
    from
        roles r1_0 
    where
        r1_0.id=?
Hibernate: 
    select
        r1_0.id,
        r1_0.created_at,
        r1_0.description,
        r1_0.name,
        r1_0.updated_at 
    from
        roles r1_0 
    where
        r1_0.id=?
Hibernate: 
    select
        r1_0.id,
        r1_0.created_at,
        r1_0.description,
        r1_0.name,
        r1_0.updated_at 
    from
        roles r1_0 
    where
        r1_0.id=?
Hibernate: 
    select
        mi1_0.id,
        mi1_0.available,
        mi1_0.badge_best_seller,
        mi1_0.badge_new,
        mi1_0.category_id,
        mi1_0.created_at,
        mi1_0.description,
        mi1_0.drink,
        mi1_0.drink_sizes_json,
        mi1_0.drink_toppings_json,
        mi1_0.image_url,
        mi1_0.name,
        mi1_0.price,
        mi1_0.updated_at 
    from
        menu_items mi1_0
Hibernate: 
    select
        as1_0.id,
        as1_0.created_at,
        as1_0.setting_key,
        as1_0.setting_value,
        as1_0.updated_at 
    from
        app_settings as1_0 
    where
        as1_0.setting_key=?
Hibernate: 
    select
        c1_0.id,
        c1_0.created_at,
        c1_0.description,
        c1_0.name,
        c1_0.updated_at 
    from
        categories c1_0
Hibernate: 
    select
        u1_0.id,
        u1_0.active,
        u1_0.created_at,
        u1_0.email,
        u1_0.full_name,
        u1_0.password,
        u1_0.phone,
        u1_0.role_id,
        u1_0.updated_at,
        u1_0.username 
    from
        users u1_0 
    where
        u1_0.username=?
Hibernate: 
    select
        r1_0.id,
        r1_0.created_at,
        r1_0.description,
        r1_0.name,
        r1_0.updated_at 
    from
        roles r1_0 
    where
        r1_0.id=?
Hibernate: 
    select
        c1_0.id,
        c1_0.created_at,
        c1_0.description,
        c1_0.name,
        c1_0.updated_at 
    from
        categories c1_0
Hibernate: 
    select
        c1_0.id,
        c1_0.created_at,
        c1_0.description,
        c1_0.name,
        c1_0.updated_at 
    from
        categories c1_0 
    where
        c1_0.id=?
Hibernate: 
    select
        r1_0.menu_item_id,
        r1_0.id,
        r1_0.created_at,
        r1_0.ingredient_id,
        r1_0.quantity,
        r1_0.updated_at 
    from
        recipes r1_0 
    where
        r1_0.menu_item_id=?
Hibernate: 
    select
        i1_0.id,
        i1_0.created_at,
        i2_0.id,
        i2_0.created_at,
        i2_0.ingredient_id,
        i2_0.minimum_stock,
        i2_0.quantity,
        i2_0.updated_at,
        i1_0.name,
        i1_0.unit,
        i1_0.updated_at 
    from
        ingredients i1_0 
    left join
        inventory i2_0 
            on i1_0.id=i2_0.ingredient_id 
    where
        i1_0.id=?
Hibernate: 
    select
        i1_0.id,
        i1_0.created_at,
        i2_0.id,
        i2_0.created_at,
        i2_0.ingredient_id,
        i2_0.minimum_stock,
        i2_0.quantity,
        i2_0.updated_at,
        i1_0.name,
        i1_0.unit,
        i1_0.updated_at 
    from
        ingredients i1_0 
    left join
        inventory i2_0 
            on i1_0.id=i2_0.ingredient_id 
    where
        i1_0.id=?
Hibernate: 
    select
        i1_0.id,
        i1_0.created_at,
        i2_0.id,
        i2_0.created_at,
        i2_0.ingredient_id,
        i2_0.minimum_stock,
        i2_0.quantity,
        i2_0.updated_at,
        i1_0.name,
        i1_0.unit,
        i1_0.updated_at 
    from
        ingredients i1_0 
    left join
        inventory i2_0 
            on i1_0.id=i2_0.ingredient_id 
    where
        i1_0.id=?
Hibernate: 
    select
        r1_0.menu_item_id,
        r1_0.id,
        r1_0.created_at,
        r1_0.ingredient_id,
        r1_0.quantity,
        r1_0.updated_at 
    from
        recipes r1_0 
    where
        r1_0.menu_item_id=?
Hibernate: 
    select
        i1_0.id,
        i1_0.created_at,
        i2_0.id,
        i2_0.created_at,
        i2_0.ingredient_id,
        i2_0.minimum_stock,
        i2_0.quantity,
        i2_0.updated_at,
        i1_0.name,
        i1_0.unit,
        i1_0.updated_at 
    from
        ingredients i1_0 
    left join
        inventory i2_0 
            on i1_0.id=i2_0.ingredient_id 
    where
        i1_0.id=?
Hibernate: 
    select
        r1_0.menu_item_id,
        r1_0.id,
        r1_0.created_at,
        r1_0.ingredient_id,
        r1_0.quantity,
        r1_0.updated_at 
    from
        recipes r1_0 
    where
        r1_0.menu_item_id=?
Hibernate: 
    select
        i1_0.id,
        i1_0.created_at,
        i2_0.id,
        i2_0.created_at,
        i2_0.ingredient_id,
        i2_0.minimum_stock,
        i2_0.quantity,
        i2_0.updated_at,
        i1_0.name,
        i1_0.unit,
        i1_0.updated_at 
    from
        ingredients i1_0 
    left join
        inventory i2_0 
            on i1_0.id=i2_0.ingredient_id 
    where
        i1_0.id=?
Hibernate: 
    select
        r1_0.menu_item_id,
        r1_0.id,
        r1_0.created_at,
        r1_0.ingredient_id,
        r1_0.quantity,
        r1_0.updated_at 
    from
        recipes r1_0 
    where
        r1_0.menu_item_id=?
Hibernate: 
    select
        r1_0.menu_item_id,
        r1_0.id,
        r1_0.created_at,
        r1_0.ingredient_id,
        r1_0.quantity,
        r1_0.updated_at 
    from
        recipes r1_0 
    where
        r1_0.menu_item_id=?
Hibernate: 
    select
        r1_0.menu_item_id,
        r1_0.id,
        r1_0.created_at,
        r1_0.ingredient_id,
        r1_0.quantity,
        r1_0.updated_at 
    from
        recipes r1_0 
    where
        r1_0.menu_item_id=?
Hibernate: 
    select
        i1_0.id,
        i1_0.created_at,
        i2_0.id,
        i2_0.created_at,
        i2_0.ingredient_id,
        i2_0.minimum_stock,
        i2_0.quantity,
        i2_0.updated_at,
        i1_0.name,
        i1_0.unit,
        i1_0.updated_at 
    from
        ingredients i1_0 
    left join
        inventory i2_0 
            on i1_0.id=i2_0.ingredient_id 
    where
        i1_0.id=?
Hibernate: 
    select
        r1_0.menu_item_id,
        r1_0.id,
        r1_0.created_at,
        r1_0.ingredient_id,
        r1_0.quantity,
        r1_0.updated_at 
    from
        recipes r1_0 
    where
        r1_0.menu_item_id=?
Hibernate: 
    select
        r1_0.menu_item_id,
        r1_0.id,
        r1_0.created_at,
        r1_0.ingredient_id,
        r1_0.quantity,
        r1_0.updated_at 
    from
        recipes r1_0 
    where
        r1_0.menu_item_id=?
Hibernate: 
    select
        i1_0.id,
        i1_0.created_at,
        i2_0.id,
        i2_0.created_at,
        i2_0.ingredient_id,
        i2_0.minimum_stock,
        i2_0.quantity,
        i2_0.updated_at,
        i1_0.name,
        i1_0.unit,
        i1_0.updated_at 
    from
        ingredients i1_0 
    left join
        inventory i2_0 
            on i1_0.id=i2_0.ingredient_id 
    where
        i1_0.id=?
Hibernate: 
    select
        r1_0.menu_item_id,
        r1_0.id,
        r1_0.created_at,
        r1_0.ingredient_id,
        r1_0.quantity,
        r1_0.updated_at 
    from
        recipes r1_0 
    where
        r1_0.menu_item_id=?
Hibernate: 
    select
        i1_0.id,
        i1_0.created_at,
        i2_0.id,
        i2_0.created_at,
        i2_0.ingredient_id,
        i2_0.minimum_stock,
        i2_0.quantity,
        i2_0.updated_at,
        i1_0.name,
        i1_0.unit,
        i1_0.updated_at 
    from
        ingredients i1_0 
    left join
        inventory i2_0 
            on i1_0.id=i2_0.ingredient_id 
    where
        i1_0.id=?
Hibernate: 
    select
        c1_0.id,
        c1_0.created_at,
        c1_0.description,
        c1_0.name,
        c1_0.updated_at 
    from
        categories c1_0 
    where
        c1_0.id=?
Hibernate: 
    select
        r1_0.menu_item_id,
        r1_0.id,
        r1_0.created_at,
        r1_0.ingredient_id,
        r1_0.quantity,
        r1_0.updated_at 
    from
        recipes r1_0 
    where
        r1_0.menu_item_id=?
Hibernate: 
    select
        i1_0.id,
        i1_0.created_at,
        i2_0.id,
        i2_0.created_at,
        i2_0.ingredient_id,
        i2_0.minimum_stock,
        i2_0.quantity,
        i2_0.updated_at,
        i1_0.name,
        i1_0.unit,
        i1_0.updated_at 
    from
        ingredients i1_0 
    left join
        inventory i2_0 
            on i1_0.id=i2_0.ingredient_id 
    where
        i1_0.id=?
Hibernate: 
    select
        r1_0.menu_item_id,
        r1_0.id,
        r1_0.created_at,
        r1_0.ingredient_id,
        r1_0.quantity,
        r1_0.updated_at 
    from
        recipes r1_0 
    where
        r1_0.menu_item_id=?
Hibernate: 
    select
        i1_0.id,
        i1_0.created_at,
        i2_0.id,
        i2_0.created_at,
        i2_0.ingredient_id,
        i2_0.minimum_stock,
        i2_0.quantity,
        i2_0.updated_at,
        i1_0.name,
        i1_0.unit,
        i1_0.updated_at 
    from
        ingredients i1_0 
    left join
        inventory i2_0 
            on i1_0.id=i2_0.ingredient_id 
    where
        i1_0.id=?
Hibernate: 
    select
        r1_0.menu_item_id,
        r1_0.id,
        r1_0.created_at,
        r1_0.ingredient_id,
        r1_0.quantity,
        r1_0.updated_at 
    from
        recipes r1_0 
    where
        r1_0.menu_item_id=?
Hibernate: 
    select
        r1_0.menu_item_id,
        r1_0.id,
        r1_0.created_at,
        r1_0.ingredient_id,
        r1_0.quantity,
        r1_0.updated_at 
    from
        recipes r1_0 
    where
        r1_0.menu_item_id=?
Hibernate: 
    select
        c1_0.id,
        c1_0.created_at,
        c1_0.description,
        c1_0.name,
        c1_0.updated_at 
    from
        categories c1_0 
    where
        c1_0.id=?
Hibernate: 
    select
        r1_0.menu_item_id,
        r1_0.id,
        r1_0.created_at,
        r1_0.ingredient_id,
        r1_0.quantity,
        r1_0.updated_at 
    from
        recipes r1_0 
    where
        r1_0.menu_item_id=?
Hibernate: 
    select
        i1_0.id,
        i1_0.created_at,
        i2_0.id,
        i2_0.created_at,
        i2_0.ingredient_id,
        i2_0.minimum_stock,
        i2_0.quantity,
        i2_0.updated_at,
        i1_0.name,
        i1_0.unit,
        i1_0.updated_at 
    from
        ingredients i1_0 
    left join
        inventory i2_0 
            on i1_0.id=i2_0.ingredient_id 
    where
        i1_0.id=?
Hibernate: 
    select
        r1_0.menu_item_id,
        r1_0.id,
        r1_0.created_at,
        r1_0.ingredient_id,
        r1_0.quantity,
        r1_0.updated_at 
    from
        recipes r1_0 
    where
        r1_0.menu_item_id=?
Hibernate: 
    select
        r1_0.menu_item_id,
        r1_0.id,
        r1_0.created_at,
        r1_0.ingredient_id,
        r1_0.quantity,
        r1_0.updated_at 
    from
        recipes r1_0 
    where
        r1_0.menu_item_id=?
Hibernate: 
    select
        i1_0.id,
        i1_0.created_at,
        i2_0.id,
        i2_0.created_at,
        i2_0.ingredient_id,
        i2_0.minimum_stock,
        i2_0.quantity,
        i2_0.updated_at,
        i1_0.name,
        i1_0.unit,
        i1_0.updated_at 
    from
        ingredients i1_0 
    left join
        inventory i2_0 
            on i1_0.id=i2_0.ingredient_id 
    where
        i1_0.id=?
Hibernate: 
    select
        r1_0.menu_item_id,
        r1_0.id,
        r1_0.created_at,
        r1_0.ingredient_id,
        r1_0.quantity,
        r1_0.updated_at 
    from
        recipes r1_0 
    where
        r1_0.menu_item_id=?
Hibernate: 
    select
        r1_0.menu_item_id,
        r1_0.id,
        r1_0.created_at,
        r1_0.ingredient_id,
        r1_0.quantity,
        r1_0.updated_at 
    from
        recipes r1_0 
    where
        r1_0.menu_item_id=?
Hibernate: 
    select
        i1_0.id,
        i1_0.created_at,
        i2_0.id,
        i2_0.created_at,
        i2_0.ingredient_id,
        i2_0.minimum_stock,
        i2_0.quantity,
        i2_0.updated_at,
        i1_0.name,
        i1_0.unit,
        i1_0.updated_at 
    from
        ingredients i1_0 
    left join
        inventory i2_0 
            on i1_0.id=i2_0.ingredient_id 
    where
        i1_0.id=?
Hibernate: 
    select
        r1_0.menu_item_id,
        r1_0.id,
        r1_0.created_at,
        r1_0.ingredient_id,
        r1_0.quantity,
        r1_0.updated_at 
    from
        recipes r1_0 
    where
        r1_0.menu_item_id=?
Hibernate: 
    select
        i1_0.id,
        i1_0.created_at,
        i2_0.id,
        i2_0.created_at,
        i2_0.ingredient_id,
        i2_0.minimum_stock,
        i2_0.quantity,
        i2_0.updated_at,
        i1_0.name,
        i1_0.unit,
        i1_0.updated_at 
    from
        ingredients i1_0 
    left join
        inventory i2_0 
            on i1_0.id=i2_0.ingredient_id 
    where
        i1_0.id=?
Hibernate: 
    select
        r1_0.menu_item_id,
        r1_0.id,
        r1_0.created_at,
        r1_0.ingredient_id,
        r1_0.quantity,
        r1_0.updated_at 
    from
        recipes r1_0 
    where
        r1_0.menu_item_id=?
Hibernate: 
    select
        i1_0.id,
        i1_0.created_at,
        i2_0.id,
        i2_0.created_at,
        i2_0.ingredient_id,
        i2_0.minimum_stock,
        i2_0.quantity,
        i2_0.updated_at,
        i1_0.name,
        i1_0.unit,
        i1_0.updated_at 
    from
        ingredients i1_0 
    left join
        inventory i2_0 
            on i1_0.id=i2_0.ingredient_id 
    where
        i1_0.id=?
Hibernate: 
    select
        r1_0.menu_item_id,
        r1_0.id,
        r1_0.created_at,
        r1_0.ingredient_id,
        r1_0.quantity,
        r1_0.updated_at 
    from
        recipes r1_0 
    where
        r1_0.menu_item_id=?
Hibernate: 
    select
        i1_0.id,
        i1_0.created_at,
        i2_0.id,
        i2_0.created_at,
        i2_0.ingredient_id,
        i2_0.minimum_stock,
        i2_0.quantity,
        i2_0.updated_at,
        i1_0.name,
        i1_0.unit,
        i1_0.updated_at 
    from
        ingredients i1_0 
    left join
        inventory i2_0 
            on i1_0.id=i2_0.ingredient_id 
    where
        i1_0.id=?
Hibernate: 
    select
        r1_0.menu_item_id,
        r1_0.id,
        r1_0.created_at,
        r1_0.ingredient_id,
        r1_0.quantity,
        r1_0.updated_at 
    from
        recipes r1_0 
    where
        r1_0.menu_item_id=?
Hibernate: 
    select
        r1_0.menu_item_id,
        r1_0.id,
        r1_0.created_at,
        r1_0.ingredient_id,
        r1_0.quantity,
        r1_0.updated_at 
    from
        recipes r1_0 
    where
        r1_0.menu_item_id=?
Hibernate: 
    select
        r1_0.menu_item_id,
        r1_0.id,
        r1_0.created_at,
        r1_0.ingredient_id,
        r1_0.quantity,
        r1_0.updated_at 
    from
        recipes r1_0 
    where
        r1_0.menu_item_id=?
Hibernate: 
    select
        r1_0.menu_item_id,
        r1_0.id,
        r1_0.created_at,
        r1_0.ingredient_id,
        r1_0.quantity,
        r1_0.updated_at 
    from
        recipes r1_0 
    where
        r1_0.menu_item_id=?
Hibernate: 
    select
        r1_0.menu_item_id,
        r1_0.id,
        r1_0.created_at,
        r1_0.ingredient_id,
        r1_0.quantity,
        r1_0.updated_at 
    from
        recipes r1_0 
    where
        r1_0.menu_item_id=?
Hibernate: 
    select
        i1_0.id,
        i1_0.created_at,
        i2_0.id,
        i2_0.created_at,
        i2_0.ingredient_id,
        i2_0.minimum_stock,
        i2_0.quantity,
        i2_0.updated_at,
        i1_0.name,
        i1_0.unit,
        i1_0.updated_at 
    from
        ingredients i1_0 
    left join
        inventory i2_0 
            on i1_0.id=i2_0.ingredient_id 
    where
        i1_0.id=?
Hibernate: 
    select
        c1_0.id,
        c1_0.created_at,
        c1_0.description,
        c1_0.name,
        c1_0.updated_at 
    from
        categories c1_0 
    where
        c1_0.id=?
Hibernate: 
    select
        r1_0.menu_item_id,
        r1_0.id,
        r1_0.created_at,
        r1_0.ingredient_id,
        r1_0.quantity,
        r1_0.updated_at 
    from
        recipes r1_0 
    where
        r1_0.menu_item_id=?
Hibernate: 
    select
        r1_0.menu_item_id,
        r1_0.id,
        r1_0.created_at,
        r1_0.ingredient_id,
        r1_0.quantity,
        r1_0.updated_at 
    from
        recipes r1_0 
    where
        r1_0.menu_item_id=?
Hibernate: 
    select
        r1_0.menu_item_id,
        r1_0.id,
        r1_0.created_at,
        r1_0.ingredient_id,
        r1_0.quantity,
        r1_0.updated_at 
    from
        recipes r1_0 
    where
        r1_0.menu_item_id=?
Hibernate: 
    select
        r1_0.menu_item_id,
        r1_0.id,
        r1_0.created_at,
        r1_0.ingredient_id,
        r1_0.quantity,
        r1_0.updated_at 
    from
        recipes r1_0 
    where
        r1_0.menu_item_id=?
Hibernate: 
    select
        r1_0.menu_item_id,
        r1_0.id,
        r1_0.created_at,
        r1_0.ingredient_id,
        r1_0.quantity,
        r1_0.updated_at 
    from
        recipes r1_0 
    where
        r1_0.menu_item_id=?
Hibernate: 
    select
        i1_0.id,
        i1_0.created_at,
        i2_0.id,
        i2_0.created_at,
        i2_0.ingredient_id,
        i2_0.minimum_stock,
        i2_0.quantity,
        i2_0.updated_at,
        i1_0.name,
        i1_0.unit,
        i1_0.updated_at 
    from
        ingredients i1_0 
    left join
        inventory i2_0 
            on i1_0.id=i2_0.ingredient_id 
    where
        i1_0.id=?
Hibernate: 
    select
        c1_0.id,
        c1_0.created_at,
        c1_0.description,
        c1_0.name,
        c1_0.updated_at 
    from
        categories c1_0 
    where
        c1_0.id=?
Hibernate: 
    select
        r1_0.menu_item_id,
        r1_0.id,
        r1_0.created_at,
        r1_0.ingredient_id,
        r1_0.quantity,
        r1_0.updated_at 
    from
        recipes r1_0 
    where
        r1_0.menu_item_id=?
Hibernate: 
    select
        r1_0.menu_item_id,
        r1_0.id,
        r1_0.created_at,
        r1_0.ingredient_id,
        r1_0.quantity,
        r1_0.updated_at 
    from
        recipes r1_0 
    where
        r1_0.menu_item_id=?
Hibernate: 
    select
        r1_0.menu_item_id,
        r1_0.id,
        r1_0.created_at,
        r1_0.ingredient_id,
        r1_0.quantity,
        r1_0.updated_at 
    from
        recipes r1_0 
    where
        r1_0.menu_item_id=?
Hibernate: 
    select
        r1_0.menu_item_id,
        r1_0.id,
        r1_0.created_at,
        r1_0.ingredient_id,
        r1_0.quantity,
        r1_0.updated_at 
    from
        recipes r1_0 
    where
        r1_0.menu_item_id=?
Hibernate: 
    select
        i1_0.id,
        i1_0.created_at,
        i2_0.id,
        i2_0.created_at,
        i2_0.ingredient_id,
        i2_0.minimum_stock,
        i2_0.quantity,
        i2_0.updated_at,
        i1_0.name,
        i1_0.unit,
        i1_0.updated_at 
    from
        ingredients i1_0 
    left join
        inventory i2_0 
            on i1_0.id=i2_0.ingredient_id 
    where
        i1_0.id=?
Hibernate: 
    select
        r1_0.menu_item_id,
        r1_0.id,
        r1_0.created_at,
        r1_0.ingredient_id,
        r1_0.quantity,
        r1_0.updated_at 
    from
        recipes r1_0 
    where
        r1_0.menu_item_id=?
Hibernate: 
    select
        r1_0.menu_item_id,
        r1_0.id,
        r1_0.created_at,
        r1_0.ingredient_id,
        r1_0.quantity,
        r1_0.updated_at 
    from
        recipes r1_0 
    where
        r1_0.menu_item_id=?
Hibernate: 
    select
        r1_0.menu_item_id,
        r1_0.id,
        r1_0.created_at,
        r1_0.ingredient_id,
        r1_0.quantity,
        r1_0.updated_at 
    from
        recipes r1_0 
    where
        r1_0.menu_item_id=?
Hibernate: 
    select
        r1_0.menu_item_id,
        r1_0.id,
        r1_0.created_at,
        r1_0.ingredient_id,
        r1_0.quantity,
        r1_0.updated_at 
    from
        recipes r1_0 
    where
        r1_0.menu_item_id=?
Hibernate: 
    select
        i1_0.id,
        i1_0.created_at,
        i2_0.id,
        i2_0.created_at,
        i2_0.ingredient_id,
        i2_0.minimum_stock,
        i2_0.quantity,
        i2_0.updated_at,
        i1_0.name,
        i1_0.unit,
        i1_0.updated_at 
    from
        ingredients i1_0 
    left join
        inventory i2_0 
            on i1_0.id=i2_0.ingredient_id 
    where
        i1_0.id=?
Hibernate: 
    select
        c1_0.id,
        c1_0.created_at,
        c1_0.description,
        c1_0.name,
        c1_0.updated_at 
    from
        categories c1_0 
    where
        c1_0.id=?
Hibernate: 
    select
        r1_0.menu_item_id,
        r1_0.id,
        r1_0.created_at,
        r1_0.ingredient_id,
        r1_0.quantity,
        r1_0.updated_at 
    from
        recipes r1_0 
    where
        r1_0.menu_item_id=?
Hibernate: 
    select
        r1_0.menu_item_id,
        r1_0.id,
        r1_0.created_at,
        r1_0.ingredient_id,
        r1_0.quantity,
        r1_0.updated_at 
    from
        recipes r1_0 
    where
        r1_0.menu_item_id=?
Hibernate: 
    select
        i1_0.id,
        i1_0.created_at,
        i2_0.id,
        i2_0.created_at,
        i2_0.ingredient_id,
        i2_0.minimum_stock,
        i2_0.quantity,
        i2_0.updated_at,
        i1_0.name,
        i1_0.unit,
        i1_0.updated_at 
    from
        ingredients i1_0 
    left join
        inventory i2_0 
            on i1_0.id=i2_0.ingredient_id 
    where
        i1_0.id=?
Hibernate: 
    select
        r1_0.menu_item_id,
        r1_0.id,
        r1_0.created_at,
        r1_0.ingredient_id,
        r1_0.quantity,
        r1_0.updated_at 
    from
        recipes r1_0 
    where
        r1_0.menu_item_id=?
Hibernate: 
    select
        i1_0.id,
        i1_0.created_at,
        i2_0.id,
        i2_0.created_at,
        i2_0.ingredient_id,
        i2_0.minimum_stock,
        i2_0.quantity,
        i2_0.updated_at,
        i1_0.name,
        i1_0.unit,
        i1_0.updated_at 
    from
        ingredients i1_0 
    left join
        inventory i2_0 
            on i1_0.id=i2_0.ingredient_id 
    where
        i1_0.id=?
Hibernate: 
    select
        r1_0.menu_item_id,
        r1_0.id,
        r1_0.created_at,
        r1_0.ingredient_id,
        r1_0.quantity,
        r1_0.updated_at 
    from
        recipes r1_0 
    where
        r1_0.menu_item_id=?
Hibernate: 
    select
        i1_0.id,
        i1_0.created_at,
        i2_0.id,
        i2_0.created_at,
        i2_0.ingredient_id,
        i2_0.minimum_stock,
        i2_0.quantity,
        i2_0.updated_at,
        i1_0.name,
        i1_0.unit,
        i1_0.updated_at 
    from
        ingredients i1_0 
    left join
        inventory i2_0 
            on i1_0.id=i2_0.ingredient_id 
    where
        i1_0.id=?
Hibernate: 
    select
        r1_0.menu_item_id,
        r1_0.id,
        r1_0.created_at,
        r1_0.ingredient_id,
        r1_0.quantity,
        r1_0.updated_at 
    from
        recipes r1_0 
    where
        r1_0.menu_item_id=?
Hibernate: 
    select
        r1_0.menu_item_id,
        r1_0.id,
        r1_0.created_at,
        r1_0.ingredient_id,
        r1_0.quantity,
        r1_0.updated_at 
    from
        recipes r1_0 
    where
        r1_0.menu_item_id=?
Hibernate: 
    select
        i1_0.id,
        i1_0.created_at,
        i2_0.id,
        i2_0.created_at,
        i2_0.ingredient_id,
        i2_0.minimum_stock,
        i2_0.quantity,
        i2_0.updated_at,
        i1_0.name,
        i1_0.unit,
        i1_0.updated_at 
    from
        ingredients i1_0 
    left join
        inventory i2_0 
            on i1_0.id=i2_0.ingredient_id 
    where
        i1_0.id=?
Hibernate: 
    select
        r1_0.menu_item_id,
        r1_0.id,
        r1_0.created_at,
        r1_0.ingredient_id,
        r1_0.quantity,
        r1_0.updated_at 
    from
        recipes r1_0 
    where
        r1_0.menu_item_id=?
Hibernate: 
    select
        c1_0.id,
        c1_0.created_at,
        c1_0.description,
        c1_0.name,
        c1_0.updated_at 
    from
        categories c1_0 
    where
        c1_0.id=?
Hibernate: 
    select
        r1_0.menu_item_id,
        r1_0.id,
        r1_0.created_at,
        r1_0.ingredient_id,
        r1_0.quantity,
        r1_0.updated_at 
    from
        recipes r1_0 
    where
        r1_0.menu_item_id=?
Hibernate: 
    select
        r1_0.menu_item_id,
        r1_0.id,
        r1_0.created_at,
        r1_0.ingredient_id,
        r1_0.quantity,
        r1_0.updated_at 
    from
        recipes r1_0 
    where
        r1_0.menu_item_id=?
Hibernate: 
    select
        r1_0.menu_item_id,
        r1_0.id,
        r1_0.created_at,
        r1_0.ingredient_id,
        r1_0.quantity,
        r1_0.updated_at 
    from
        recipes r1_0 
    where
        r1_0.menu_item_id=?
Hibernate: 
    select
        r1_0.menu_item_id,
        r1_0.id,
        r1_0.created_at,
        r1_0.ingredient_id,
        r1_0.quantity,
        r1_0.updated_at 
    from
        recipes r1_0 
    where
        r1_0.menu_item_id=?
Hibernate: 
    select
        c1_0.id,
        c1_0.created_at,
        c1_0.description,
        c1_0.name,
        c1_0.updated_at 
    from
        categories c1_0 
    where
        c1_0.id=?
Hibernate: 
    select
        r1_0.menu_item_id,
        r1_0.id,
        r1_0.created_at,
        r1_0.ingredient_id,
        r1_0.quantity,
        r1_0.updated_at 
    from
        recipes r1_0 
    where
        r1_0.menu_item_id=?
Hibernate: 
    select
        r1_0.menu_item_id,
        r1_0.id,
        r1_0.created_at,
        r1_0.ingredient_id,
        r1_0.quantity,
        r1_0.updated_at 
    from
        recipes r1_0 
    where
        r1_0.menu_item_id=?
Hibernate: 
    select
        r1_0.menu_item_id,
        r1_0.id,
        r1_0.created_at,
        r1_0.ingredient_id,
        r1_0.quantity,
        r1_0.updated_at 
    from
        recipes r1_0 
    where
        r1_0.menu_item_id=?
Hibernate: 
    select
        r1_0.menu_item_id,
        r1_0.id,
        r1_0.created_at,
        r1_0.ingredient_id,
        r1_0.quantity,
        r1_0.updated_at 
    from
        recipes r1_0 
    where
        r1_0.menu_item_id=?
Hibernate: 
    select
        r1_0.menu_item_id,
        r1_0.id,
        r1_0.created_at,
        r1_0.ingredient_id,
        r1_0.quantity,
        r1_0.updated_at 
    from
        recipes r1_0 
    where
        r1_0.menu_item_id=?
Hibernate: 
    select
        r1_0.menu_item_id,
        r1_0.id,
        r1_0.created_at,
        r1_0.ingredient_id,
        r1_0.quantity,
        r1_0.updated_at 
    from
        recipes r1_0 
    where
        r1_0.menu_item_id=?
Hibernate: 
    select
        r1_0.menu_item_id,
        r1_0.id,
        r1_0.created_at,
        r1_0.ingredient_id,
        r1_0.quantity,
        r1_0.updated_at 
    from
        recipes r1_0 
    where
        r1_0.menu_item_id=?
Hibernate: 
    select
        c1_0.id,
        c1_0.created_at,
        c1_0.description,
        c1_0.name,
        c1_0.updated_at 
    from
        categories c1_0 
    where
        c1_0.id=?
Hibernate: 
    select
        r1_0.menu_item_id,
        r1_0.id,
        r1_0.created_at,
        r1_0.ingredient_id,
        r1_0.quantity,
        r1_0.updated_at 
    from
        recipes r1_0 
    where
        r1_0.menu_item_id=?
Hibernate: 
    select
        r1_0.menu_item_id,
        r1_0.id,
        r1_0.created_at,
        r1_0.ingredient_id,
        r1_0.quantity,
        r1_0.updated_at 
    from
        recipes r1_0 
    where
        r1_0.menu_item_id=?
Hibernate: 
    select
        r1_0.menu_item_id,
        r1_0.id,
        r1_0.created_at,
        r1_0.ingredient_id,
        r1_0.quantity,
        r1_0.updated_at 
    from
        recipes r1_0 
    where
        r1_0.menu_item_id=?
Hibernate: 
    select
        r1_0.menu_item_id,
        r1_0.id,
        r1_0.created_at,
        r1_0.ingredient_id,
        r1_0.quantity,
        r1_0.updated_at 
    from
        recipes r1_0 
    where
        r1_0.menu_item_id=?
Hibernate: 
    select
        i1_0.id,
        i1_0.created_at,
        i2_0.id,
        i2_0.created_at,
        i2_0.ingredient_id,
        i2_0.minimum_stock,
        i2_0.quantity,
        i2_0.updated_at,
        i1_0.name,
        i1_0.unit,
        i1_0.updated_at 
    from
        ingredients i1_0 
    left join
        inventory i2_0 
            on i1_0.id=i2_0.ingredient_id 
    where
        i1_0.id=?
Hibernate: 
    select
        r1_0.menu_item_id,
        r1_0.id,
        r1_0.created_at,
        r1_0.ingredient_id,
        r1_0.quantity,
        r1_0.updated_at 
    from
        recipes r1_0 
    where
        r1_0.menu_item_id=?
Hibernate: 
    select
        r1_0.menu_item_id,
        r1_0.id,
        r1_0.created_at,
        r1_0.ingredient_id,
        r1_0.quantity,
        r1_0.updated_at 
    from
        recipes r1_0 
    where
        r1_0.menu_item_id=?
Hibernate: 
    select
        i1_0.id,
        i1_0.created_at,
        i2_0.id,
        i2_0.created_at,
        i2_0.ingredient_id,
        i2_0.minimum_stock,
        i2_0.quantity,
        i2_0.updated_at,
        i1_0.name,
        i1_0.unit,
        i1_0.updated_at 
    from
        ingredients i1_0 
    left join
        inventory i2_0 
            on i1_0.id=i2_0.ingredient_id 
    where
        i1_0.id=?
Hibernate: 
    select
        r1_0.menu_item_id,
        r1_0.id,
        r1_0.created_at,
        r1_0.ingredient_id,
        r1_0.quantity,
        r1_0.updated_at 
    from
        recipes r1_0 
    where
        r1_0.menu_item_id=?
Hibernate: 
    select
        i1_0.id,
        i1_0.created_at,
        i2_0.id,
        i2_0.created_at,
        i2_0.ingredient_id,
        i2_0.minimum_stock,
        i2_0.quantity,
        i2_0.updated_at,
        i1_0.name,
        i1_0.unit,
        i1_0.updated_at 
    from
        ingredients i1_0 
    left join
        inventory i2_0 
            on i1_0.id=i2_0.ingredient_id 
    where
        i1_0.id=?
Hibernate: 
    select
        r1_0.menu_item_id,
        r1_0.id,
        r1_0.created_at,
        r1_0.ingredient_id,
        r1_0.quantity,
        r1_0.updated_at 
    from
        recipes r1_0 
    where
        r1_0.menu_item_id=?
Hibernate: 
    select
        c1_0.id,
        c1_0.created_at,
        c1_0.description,
        c1_0.name,
        c1_0.updated_at 
    from
        categories c1_0 
    where
        c1_0.id=?
Hibernate: 
    select
        r1_0.menu_item_id,
        r1_0.id,
        r1_0.created_at,
        r1_0.ingredient_id,
        r1_0.quantity,
        r1_0.updated_at 
    from
        recipes r1_0 
    where
        r1_0.menu_item_id=?
Hibernate: 
    select
        r1_0.menu_item_id,
        r1_0.id,
        r1_0.created_at,
        r1_0.ingredient_id,
        r1_0.quantity,
        r1_0.updated_at 
    from
        recipes r1_0 
    where
        r1_0.menu_item_id=?
Hibernate: 
    select
        r1_0.menu_item_id,
        r1_0.id,
        r1_0.created_at,
        r1_0.ingredient_id,
        r1_0.quantity,
        r1_0.updated_at 
    from
        recipes r1_0 
    where
        r1_0.menu_item_id=?
Hibernate: 
    select
        r1_0.menu_item_id,
        r1_0.id,
        r1_0.created_at,
        r1_0.ingredient_id,
        r1_0.quantity,
        r1_0.updated_at 
    from
        recipes r1_0 
    where
        r1_0.menu_item_id=?
Hibernate: 
    select
        c1_0.id,
        c1_0.created_at,
        c1_0.description,
        c1_0.name,
        c1_0.updated_at 
    from
        categories c1_0 
    where
        c1_0.id=?
Hibernate: 
    select
        r1_0.menu_item_id,
        r1_0.id,
        r1_0.created_at,
        r1_0.ingredient_id,
        r1_0.quantity,
        r1_0.updated_at 
    from
        recipes r1_0 
    where
        r1_0.menu_item_id=?
Hibernate: 
    select
        r1_0.menu_item_id,
        r1_0.id,
        r1_0.created_at,
        r1_0.ingredient_id,
        r1_0.quantity,
        r1_0.updated_at 
    from
        recipes r1_0 
    where
        r1_0.menu_item_id=?
Hibernate: 
    select
        i1_0.id,
        i1_0.created_at,
        i2_0.id,
        i2_0.created_at,
        i2_0.ingredient_id,
        i2_0.minimum_stock,
        i2_0.quantity,
        i2_0.updated_at,
        i1_0.name,
        i1_0.unit,
        i1_0.updated_at 
    from
        ingredients i1_0 
    left join
        inventory i2_0 
            on i1_0.id=i2_0.ingredient_id 
    where
        i1_0.id=?
Hibernate: 
    select
        i1_0.id,
        i1_0.created_at,
        i2_0.id,
        i2_0.created_at,
        i2_0.ingredient_id,
        i2_0.minimum_stock,
        i2_0.quantity,
        i2_0.updated_at,
        i1_0.name,
        i1_0.unit,
        i1_0.updated_at 
    from
        ingredients i1_0 
    left join
        inventory i2_0 
            on i1_0.id=i2_0.ingredient_id 
    where
        i1_0.id=?
Hibernate: 
    select
        r1_0.menu_item_id,
        r1_0.id,
        r1_0.created_at,
        r1_0.ingredient_id,
        r1_0.quantity,
        r1_0.updated_at 
    from
        recipes r1_0 
    where
        r1_0.menu_item_id=?
Hibernate: 
    select
        i1_0.id,
        i1_0.created_at,
        i2_0.id,
        i2_0.created_at,
        i2_0.ingredient_id,
        i2_0.minimum_stock,
        i2_0.quantity,
        i2_0.updated_at,
        i1_0.name,
        i1_0.unit,
        i1_0.updated_at 
    from
        ingredients i1_0 
    left join
        inventory i2_0 
            on i1_0.id=i2_0.ingredient_id 
    where
        i1_0.id=?
Hibernate: 
    select
        r1_0.menu_item_id,
        r1_0.id,
        r1_0.created_at,
        r1_0.ingredient_id,
        r1_0.quantity,
        r1_0.updated_at 
    from
        recipes r1_0 
    where
        r1_0.menu_item_id=?
Hibernate: 
    select
        r1_0.menu_item_id,
        r1_0.id,
        r1_0.created_at,
        r1_0.ingredient_id,
        r1_0.quantity,
        r1_0.updated_at 
    from
        recipes r1_0 
    where
        r1_0.menu_item_id=?
Hibernate: 
    select
        r1_0.menu_item_id,
        r1_0.id,
        r1_0.created_at,
        r1_0.ingredient_id,
        r1_0.quantity,
        r1_0.updated_at 
    from
        recipes r1_0 
    where
        r1_0.menu_item_id=?
Hibernate: 
    select
        c1_0.id,
        c1_0.created_at,
        c1_0.description,
        c1_0.name,
        c1_0.updated_at 
    from
        categories c1_0 
    where
        c1_0.id=?
Hibernate: 
    select
        r1_0.menu_item_id,
        r1_0.id,
        r1_0.created_at,
        r1_0.ingredient_id,
        r1_0.quantity,
        r1_0.updated_at 
    from
        recipes r1_0 
    where
        r1_0.menu_item_id=?
Hibernate: 
    select
        r1_0.menu_item_id,
        r1_0.id,
        r1_0.created_at,
        r1_0.ingredient_id,
        r1_0.quantity,
        r1_0.updated_at 
    from
        recipes r1_0 
    where
        r1_0.menu_item_id=?
Hibernate: 
    select
        r1_0.menu_item_id,
        r1_0.id,
        r1_0.created_at,
        r1_0.ingredient_id,
        r1_0.quantity,
        r1_0.updated_at 
    from
        recipes r1_0 
    where
        r1_0.menu_item_id=?
Hibernate: 
    select
        r1_0.menu_item_id,
        r1_0.id,
        r1_0.created_at,
        r1_0.ingredient_id,
        r1_0.quantity,
        r1_0.updated_at 
    from
        recipes r1_0 
    where
        r1_0.menu_item_id=?
Hibernate: 
    select
        r1_0.menu_item_id,
        r1_0.id,
        r1_0.created_at,
        r1_0.ingredient_id,
        r1_0.quantity,
        r1_0.updated_at 
    from
        recipes r1_0 
    where
        r1_0.menu_item_id=?
Hibernate: 
    select
        c1_0.id,
        c1_0.created_at,
        c1_0.description,
        c1_0.name,
        c1_0.updated_at 
    from
        categories c1_0 
    where
        c1_0.id=?
Hibernate: 
    select
        r1_0.menu_item_id,
        r1_0.id,
        r1_0.created_at,
        r1_0.ingredient_id,
        r1_0.quantity,
        r1_0.updated_at 
    from
        recipes r1_0 
    where
        r1_0.menu_item_id=?
Hibernate: 
    select
        r1_0.menu_item_id,
        r1_0.id,
        r1_0.created_at,
        r1_0.ingredient_id,
        r1_0.quantity,
        r1_0.updated_at 
    from
        recipes r1_0 
    where
        r1_0.menu_item_id=?
Hibernate: 
    select
        r1_0.menu_item_id,
        r1_0.id,
        r1_0.created_at,
        r1_0.ingredient_id,
        r1_0.quantity,
        r1_0.updated_at 
    from
        recipes r1_0 
    where
        r1_0.menu_item_id=?
Hibernate: 
    select
        r1_0.menu_item_id,
        r1_0.id,
        r1_0.created_at,
        r1_0.ingredient_id,
        r1_0.quantity,
        r1_0.updated_at 
    from
        recipes r1_0 
    where
        r1_0.menu_item_id=?
Hibernate: 
    select
        c1_0.id,
        c1_0.created_at,
        c1_0.description,
        c1_0.name,
        c1_0.updated_at 
    from
        categories c1_0 
    where
        c1_0.id=?
Hibernate: 
    select
        r1_0.menu_item_id,
        r1_0.id,
        r1_0.created_at,
        r1_0.ingredient_id,
        r1_0.quantity,
        r1_0.updated_at 
    from
        recipes r1_0 
    where
        r1_0.menu_item_id=?
Hibernate: 
    select
        r1_0.menu_item_id,
        r1_0.id,
        r1_0.created_at,
        r1_0.ingredient_id,
        r1_0.quantity,
        r1_0.updated_at 
    from
        recipes r1_0 
    where
        r1_0.menu_item_id=?
Hibernate: 
    select
        r1_0.menu_item_id,
        r1_0.id,
        r1_0.created_at,
        r1_0.ingredient_id,
        r1_0.quantity,
        r1_0.updated_at 
    from
        recipes r1_0 
    where
        r1_0.menu_item_id=?
Hibernate: 
    select
        r1_0.menu_item_id,
        r1_0.id,
        r1_0.created_at,
        r1_0.ingredient_id,
        r1_0.quantity,
        r1_0.updated_at 
    from
        recipes r1_0 
    where
        r1_0.menu_item_id=?
Hibernate: 
    select
        r1_0.menu_item_id,
        r1_0.id,
        r1_0.created_at,
        r1_0.ingredient_id,
        r1_0.quantity,
        r1_0.updated_at 
    from
        recipes r1_0 
    where
        r1_0.menu_item_id=?
Hibernate: 
    select
        r1_0.menu_item_id,
        r1_0.id,
        r1_0.created_at,
        r1_0.ingredient_id,
        r1_0.quantity,
        r1_0.updated_at 
    from
        recipes r1_0 
    where
        r1_0.menu_item_id=?
Hibernate: 
    select
        r1_0.menu_item_id,
        r1_0.id,
        r1_0.created_at,
        r1_0.ingredient_id,
        r1_0.quantity,
        r1_0.updated_at 
    from
        recipes r1_0 
    where
        r1_0.menu_item_id=?
Hibernate: 
    select
        r1_0.menu_item_id,
        r1_0.id,
        r1_0.created_at,
        r1_0.ingredient_id,
        r1_0.quantity,
        r1_0.updated_at 
    from
        recipes r1_0 
    where
        r1_0.menu_item_id=?
Hibernate: 
    select
        r1_0.menu_item_id,
        r1_0.id,
        r1_0.created_at,
        r1_0.ingredient_id,
        r1_0.quantity,
        r1_0.updated_at 
    from
        recipes r1_0 
    where
        r1_0.menu_item_id=?
Hibernate: 
    select
        r1_0.menu_item_id,
        r1_0.id,
        r1_0.created_at,
        r1_0.ingredient_id,
        r1_0.quantity,
        r1_0.updated_at 
    from
        recipes r1_0 
    where
        r1_0.menu_item_id=?
Hibernate: 
    select
        r1_0.menu_item_id,
        r1_0.id,
        r1_0.created_at,
        r1_0.ingredient_id,
        r1_0.quantity,
        r1_0.updated_at 
    from
        recipes r1_0 
    where
        r1_0.menu_item_id=?
Hibernate: 
    select
        r1_0.menu_item_id,
        r1_0.id,
        r1_0.created_at,
        r1_0.ingredient_id,
        r1_0.quantity,
        r1_0.updated_at 
    from
        recipes r1_0 
    where
        r1_0.menu_item_id=?
Hibernate: 
    select
        r1_0.menu_item_id,
        r1_0.id,
        r1_0.created_at,
        r1_0.ingredient_id,
        r1_0.quantity,
        r1_0.updated_at 
    from
        recipes r1_0 
    where
        r1_0.menu_item_id=?
Hibernate: 
    select
        u1_0.id,
        u1_0.active,
        u1_0.created_at,
        u1_0.email,
        u1_0.full_name,
        u1_0.password,
        u1_0.phone,
        u1_0.role_id,
        u1_0.updated_at,
        u1_0.username 
    from
        users u1_0 
    where
        u1_0.username=?
Hibernate: 
    select
        r1_0.id,
        r1_0.created_at,
        r1_0.description,
        r1_0.name,
        r1_0.updated_at 
    from
        roles r1_0 
    where
        r1_0.id=?
Hibernate: 
    select
        mi1_0.id,
        mi1_0.available,
        mi1_0.badge_best_seller,
        mi1_0.badge_new,
        mi1_0.category_id,
        mi1_0.created_at,
        mi1_0.description,
        mi1_0.drink,
        mi1_0.drink_sizes_json,
        mi1_0.drink_toppings_json,
        mi1_0.image_url,
        mi1_0.name,
        mi1_0.price,
        mi1_0.updated_at 
    from
        menu_items mi1_0
Hibernate: 
    select
        c1_0.id,
        c1_0.created_at,
        c1_0.description,
        c1_0.name,
        c1_0.updated_at 
    from
        categories c1_0 
    where
        c1_0.id=?
Hibernate: 
    select
        r1_0.menu_item_id,
        r1_0.id,
        r1_0.created_at,
        r1_0.ingredient_id,
        r1_0.quantity,
        r1_0.updated_at 
    from
        recipes r1_0 
    where
        r1_0.menu_item_id=?
Hibernate: 
    select
        i1_0.id,
        i1_0.created_at,
        i2_0.id,
        i2_0.created_at,
        i2_0.ingredient_id,
        i2_0.minimum_stock,
        i2_0.quantity,
        i2_0.updated_at,
        i1_0.name,
        i1_0.unit,
        i1_0.updated_at 
    from
        ingredients i1_0 
    left join
        inventory i2_0 
            on i1_0.id=i2_0.ingredient_id 
    where
        i1_0.id=?
Hibernate: 
    select
        i1_0.id,
        i1_0.created_at,
        i2_0.id,
        i2_0.created_at,
        i2_0.ingredient_id,
        i2_0.minimum_stock,
        i2_0.quantity,
        i2_0.updated_at,
        i1_0.name,
        i1_0.unit,
        i1_0.updated_at 
    from
        ingredients i1_0 
    left join
        inventory i2_0 
            on i1_0.id=i2_0.ingredient_id 
    where
        i1_0.id=?
Hibernate: 
    select
        i1_0.id,
        i1_0.created_at,
        i2_0.id,
        i2_0.created_at,
        i2_0.ingredient_id,
        i2_0.minimum_stock,
        i2_0.quantity,
        i2_0.updated_at,
        i1_0.name,
        i1_0.unit,
        i1_0.updated_at 
    from
        ingredients i1_0 
    left join
        inventory i2_0 
            on i1_0.id=i2_0.ingredient_id 
    where
        i1_0.id=?
Hibernate: 
    select
        r1_0.menu_item_id,
        r1_0.id,
        r1_0.created_at,
        r1_0.ingredient_id,
        r1_0.quantity,
        r1_0.updated_at 
    from
        recipes r1_0 
    where
        r1_0.menu_item_id=?
Hibernate: 
    select
        i1_0.id,
        i1_0.created_at,
        i2_0.id,
        i2_0.created_at,
        i2_0.ingredient_id,
        i2_0.minimum_stock,
        i2_0.quantity,
        i2_0.updated_at,
        i1_0.name,
        i1_0.unit,
        i1_0.updated_at 
    from
        ingredients i1_0 
    left join
        inventory i2_0 
            on i1_0.id=i2_0.ingredient_id 
    where
        i1_0.id=?
Hibernate: 
    select
        r1_0.menu_item_id,
        r1_0.id,
        r1_0.created_at,
        r1_0.ingredient_id,
        r1_0.quantity,
        r1_0.updated_at 
    from
        recipes r1_0 
    where
        r1_0.menu_item_id=?
Hibernate: 
    select
        i1_0.id,
        i1_0.created_at,
        i2_0.id,
        i2_0.created_at,
        i2_0.ingredient_id,
        i2_0.minimum_stock,
        i2_0.quantity,
        i2_0.updated_at,
        i1_0.name,
        i1_0.unit,
        i1_0.updated_at 
    from
        ingredients i1_0 
    left join
        inventory i2_0 
            on i1_0.id=i2_0.ingredient_id 
    where
        i1_0.id=?
Hibernate: 
    select
        r1_0.menu_item_id,
        r1_0.id,
        r1_0.created_at,
        r1_0.ingredient_id,
        r1_0.quantity,
        r1_0.updated_at 
    from
        recipes r1_0 
    where
        r1_0.menu_item_id=?
Hibernate: 
    select
        r1_0.menu_item_id,
        r1_0.id,
        r1_0.created_at,
        r1_0.ingredient_id,
        r1_0.quantity,
        r1_0.updated_at 
    from
        recipes r1_0 
    where
        r1_0.menu_item_id=?
Hibernate: 
    select
        r1_0.menu_item_id,
        r1_0.id,
        r1_0.created_at,
        r1_0.ingredient_id,
        r1_0.quantity,
        r1_0.updated_at 
    from
        recipes r1_0 
    where
        r1_0.menu_item_id=?
Hibernate: 
    select
        i1_0.id,
        i1_0.created_at,
        i2_0.id,
        i2_0.created_at,
        i2_0.ingredient_id,
        i2_0.minimum_stock,
        i2_0.quantity,
        i2_0.updated_at,
        i1_0.name,
        i1_0.unit,
        i1_0.updated_at 
    from
        ingredients i1_0 
    left join
        inventory i2_0 
            on i1_0.id=i2_0.ingredient_id 
    where
        i1_0.id=?
Hibernate: 
    select
        r1_0.menu_item_id,
        r1_0.id,
        r1_0.created_at,
        r1_0.ingredient_id,
        r1_0.quantity,
        r1_0.updated_at 
    from
        recipes r1_0 
    where
        r1_0.menu_item_id=?
Hibernate: 
    select
        r1_0.menu_item_id,
        r1_0.id,
        r1_0.created_at,
        r1_0.ingredient_id,
        r1_0.quantity,
        r1_0.updated_at 
    from
        recipes r1_0 
    where
        r1_0.menu_item_id=?
Hibernate: 
    select
        i1_0.id,
        i1_0.created_at,
        i2_0.id,
        i2_0.created_at,
        i2_0.ingredient_id,
        i2_0.minimum_stock,
        i2_0.quantity,
        i2_0.updated_at,
        i1_0.name,
        i1_0.unit,
        i1_0.updated_at 
    from
        ingredients i1_0 
    left join
        inventory i2_0 
            on i1_0.id=i2_0.ingredient_id 
    where
        i1_0.id=?
Hibernate: 
    select
        r1_0.menu_item_id,
        r1_0.id,
        r1_0.created_at,
        r1_0.ingredient_id,
        r1_0.quantity,
        r1_0.updated_at 
    from
        recipes r1_0 
    where
        r1_0.menu_item_id=?
Hibernate: 
    select
        i1_0.id,
        i1_0.created_at,
        i2_0.id,
        i2_0.created_at,
        i2_0.ingredient_id,
        i2_0.minimum_stock,
        i2_0.quantity,
        i2_0.updated_at,
        i1_0.name,
        i1_0.unit,
        i1_0.updated_at 
    from
        ingredients i1_0 
    left join
        inventory i2_0 
            on i1_0.id=i2_0.ingredient_id 
    where
        i1_0.id=?
Hibernate: 
    select
        c1_0.id,
        c1_0.created_at,
        c1_0.description,
        c1_0.name,
        c1_0.updated_at 
    from
        categories c1_0 
    where
        c1_0.id=?
Hibernate: 
    select
        r1_0.menu_item_id,
        r1_0.id,
        r1_0.created_at,
        r1_0.ingredient_id,
        r1_0.quantity,
        r1_0.updated_at 
    from
        recipes r1_0 
    where
        r1_0.menu_item_id=?
Hibernate: 
    select
        i1_0.id,
        i1_0.created_at,
        i2_0.id,
        i2_0.created_at,
        i2_0.ingredient_id,
        i2_0.minimum_stock,
        i2_0.quantity,
        i2_0.updated_at,
        i1_0.name,
        i1_0.unit,
        i1_0.updated_at 
    from
        ingredients i1_0 
    left join
        inventory i2_0 
            on i1_0.id=i2_0.ingredient_id 
    where
        i1_0.id=?
Hibernate: 
    select
        r1_0.menu_item_id,
        r1_0.id,
        r1_0.created_at,
        r1_0.ingredient_id,
        r1_0.quantity,
        r1_0.updated_at 
    from
        recipes r1_0 
    where
        r1_0.menu_item_id=?
Hibernate: 
    select
        i1_0.id,
        i1_0.created_at,
        i2_0.id,
        i2_0.created_at,
        i2_0.ingredient_id,
        i2_0.minimum_stock,
        i2_0.quantity,
        i2_0.updated_at,
        i1_0.name,
        i1_0.unit,
        i1_0.updated_at 
    from
        ingredients i1_0 
    left join
        inventory i2_0 
            on i1_0.id=i2_0.ingredient_id 
    where
        i1_0.id=?
Hibernate: 
    select
        r1_0.menu_item_id,
        r1_0.id,
        r1_0.created_at,
        r1_0.ingredient_id,
        r1_0.quantity,
        r1_0.updated_at 
    from
        recipes r1_0 
    where
        r1_0.menu_item_id=?
Hibernate: 
    select
        r1_0.menu_item_id,
        r1_0.id,
        r1_0.created_at,
        r1_0.ingredient_id,
        r1_0.quantity,
        r1_0.updated_at 
    from
        recipes r1_0 
    where
        r1_0.menu_item_id=?
Hibernate: 
    select
        c1_0.id,
        c1_0.created_at,
        c1_0.description,
        c1_0.name,
        c1_0.updated_at 
    from
        categories c1_0 
    where
        c1_0.id=?
Hibernate: 
    select
        r1_0.menu_item_id,
        r1_0.id,
        r1_0.created_at,
        r1_0.ingredient_id,
        r1_0.quantity,
        r1_0.updated_at 
    from
        recipes r1_0 
    where
        r1_0.menu_item_id=?
Hibernate: 
    select
        i1_0.id,
        i1_0.created_at,
        i2_0.id,
        i2_0.created_at,
        i2_0.ingredient_id,
        i2_0.minimum_stock,
        i2_0.quantity,
        i2_0.updated_at,
        i1_0.name,
        i1_0.unit,
        i1_0.updated_at 
    from
        ingredients i1_0 
    left join
        inventory i2_0 
            on i1_0.id=i2_0.ingredient_id 
    where
        i1_0.id=?
Hibernate: 
    select
        r1_0.menu_item_id,
        r1_0.id,
        r1_0.created_at,
        r1_0.ingredient_id,
        r1_0.quantity,
        r1_0.updated_at 
    from
        recipes r1_0 
    where
        r1_0.menu_item_id=?
Hibernate: 
    select
        r1_0.menu_item_id,
        r1_0.id,
        r1_0.created_at,
        r1_0.ingredient_id,
        r1_0.quantity,
        r1_0.updated_at 
    from
        recipes r1_0 
    where
        r1_0.menu_item_id=?
Hibernate: 
    select
        i1_0.id,
        i1_0.created_at,
        i2_0.id,
        i2_0.created_at,
        i2_0.ingredient_id,
        i2_0.minimum_stock,
        i2_0.quantity,
        i2_0.updated_at,
        i1_0.name,
        i1_0.unit,
        i1_0.updated_at 
    from
        ingredients i1_0 
    left join
        inventory i2_0 
            on i1_0.id=i2_0.ingredient_id 
    where
        i1_0.id=?
Hibernate: 
    select
        r1_0.menu_item_id,
        r1_0.id,
        r1_0.created_at,
        r1_0.ingredient_id,
        r1_0.quantity,
        r1_0.updated_at 
    from
        recipes r1_0 
    where
        r1_0.menu_item_id=?
Hibernate: 
    select
        r1_0.menu_item_id,
        r1_0.id,
        r1_0.created_at,
        r1_0.ingredient_id,
        r1_0.quantity,
        r1_0.updated_at 
    from
        recipes r1_0 
    where
        r1_0.menu_item_id=?
Hibernate: 
    select
        i1_0.id,
        i1_0.created_at,
        i2_0.id,
        i2_0.created_at,
        i2_0.ingredient_id,
        i2_0.minimum_stock,
        i2_0.quantity,
        i2_0.updated_at,
        i1_0.name,
        i1_0.unit,
        i1_0.updated_at 
    from
        ingredients i1_0 
    left join
        inventory i2_0 
            on i1_0.id=i2_0.ingredient_id 
    where
        i1_0.id=?
Hibernate: 
    select
        r1_0.menu_item_id,
        r1_0.id,
        r1_0.created_at,
        r1_0.ingredient_id,
        r1_0.quantity,
        r1_0.updated_at 
    from
        recipes r1_0 
    where
        r1_0.menu_item_id=?
Hibernate: 
    select
        i1_0.id,
        i1_0.created_at,
        i2_0.id,
        i2_0.created_at,
        i2_0.ingredient_id,
        i2_0.minimum_stock,
        i2_0.quantity,
        i2_0.updated_at,
        i1_0.name,
        i1_0.unit,
        i1_0.updated_at 
    from
        ingredients i1_0 
    left join
        inventory i2_0 
            on i1_0.id=i2_0.ingredient_id 
    where
        i1_0.id=?
Hibernate: 
    select
        r1_0.menu_item_id,
        r1_0.id,
        r1_0.created_at,
        r1_0.ingredient_id,
        r1_0.quantity,
        r1_0.updated_at 
    from
        recipes r1_0 
    where
        r1_0.menu_item_id=?
Hibernate: 
    select
        i1_0.id,
        i1_0.created_at,
        i2_0.id,
        i2_0.created_at,
        i2_0.ingredient_id,
        i2_0.minimum_stock,
        i2_0.quantity,
        i2_0.updated_at,
        i1_0.name,
        i1_0.unit,
        i1_0.updated_at 
    from
        ingredients i1_0 
    left join
        inventory i2_0 
            on i1_0.id=i2_0.ingredient_id 
    where
        i1_0.id=?
Hibernate: 
    select
        r1_0.menu_item_id,
        r1_0.id,
        r1_0.created_at,
        r1_0.ingredient_id,
        r1_0.quantity,
        r1_0.updated_at 
    from
        recipes r1_0 
    where
        r1_0.menu_item_id=?
Hibernate: 
    select
        i1_0.id,
        i1_0.created_at,
        i2_0.id,
        i2_0.created_at,
        i2_0.ingredient_id,
        i2_0.minimum_stock,
        i2_0.quantity,
        i2_0.updated_at,
        i1_0.name,
        i1_0.unit,
        i1_0.updated_at 
    from
        ingredients i1_0 
    left join
        inventory i2_0 
            on i1_0.id=i2_0.ingredient_id 
    where
        i1_0.id=?
Hibernate: 
    select
        r1_0.menu_item_id,
        r1_0.id,
        r1_0.created_at,
        r1_0.ingredient_id,
        r1_0.quantity,
        r1_0.updated_at 
    from
        recipes r1_0 
    where
        r1_0.menu_item_id=?
Hibernate: 
    select
        r1_0.menu_item_id,
        r1_0.id,
        r1_0.created_at,
        r1_0.ingredient_id,
        r1_0.quantity,
        r1_0.updated_at 
    from
        recipes r1_0 
    where
        r1_0.menu_item_id=?
Hibernate: 
    select
        r1_0.menu_item_id,
        r1_0.id,
        r1_0.created_at,
        r1_0.ingredient_id,
        r1_0.quantity,
        r1_0.updated_at 
    from
        recipes r1_0 
    where
        r1_0.menu_item_id=?
Hibernate: 
    select
        r1_0.menu_item_id,
        r1_0.id,
        r1_0.created_at,
        r1_0.ingredient_id,
        r1_0.quantity,
        r1_0.updated_at 
    from
        recipes r1_0 
    where
        r1_0.menu_item_id=?
Hibernate: 
    select
        r1_0.menu_item_id,
        r1_0.id,
        r1_0.created_at,
        r1_0.ingredient_id,
        r1_0.quantity,
        r1_0.updated_at 
    from
        recipes r1_0 
    where
        r1_0.menu_item_id=?
Hibernate: 
    select
        i1_0.id,
        i1_0.created_at,
        i2_0.id,
        i2_0.created_at,
        i2_0.ingredient_id,
        i2_0.minimum_stock,
        i2_0.quantity,
        i2_0.updated_at,
        i1_0.name,
        i1_0.unit,
        i1_0.updated_at 
    from
        ingredients i1_0 
    left join
        inventory i2_0 
            on i1_0.id=i2_0.ingredient_id 
    where
        i1_0.id=?
Hibernate: 
    select
        c1_0.id,
        c1_0.created_at,
        c1_0.description,
        c1_0.name,
        c1_0.updated_at 
    from
        categories c1_0 
    where
        c1_0.id=?
Hibernate: 
    select
        r1_0.menu_item_id,
        r1_0.id,
        r1_0.created_at,
        r1_0.ingredient_id,
        r1_0.quantity,
        r1_0.updated_at 
    from
        recipes r1_0 
    where
        r1_0.menu_item_id=?
Hibernate: 
    select
        r1_0.menu_item_id,
        r1_0.id,
        r1_0.created_at,
        r1_0.ingredient_id,
        r1_0.quantity,
        r1_0.updated_at 
    from
        recipes r1_0 
    where
        r1_0.menu_item_id=?
Hibernate: 
    select
        r1_0.menu_item_id,
        r1_0.id,
        r1_0.created_at,
        r1_0.ingredient_id,
        r1_0.quantity,
        r1_0.updated_at 
    from
        recipes r1_0 
    where
        r1_0.menu_item_id=?
Hibernate: 
    select
        r1_0.menu_item_id,
        r1_0.id,
        r1_0.created_at,
        r1_0.ingredient_id,
        r1_0.quantity,
        r1_0.updated_at 
    from
        recipes r1_0 
    where
        r1_0.menu_item_id=?
Hibernate: 
    select
        r1_0.menu_item_id,
        r1_0.id,
        r1_0.created_at,
        r1_0.ingredient_id,
        r1_0.quantity,
        r1_0.updated_at 
    from
        recipes r1_0 
    where
        r1_0.menu_item_id=?
Hibernate: 
    select
        i1_0.id,
        i1_0.created_at,
        i2_0.id,
        i2_0.created_at,
        i2_0.ingredient_id,
        i2_0.minimum_stock,
        i2_0.quantity,
        i2_0.updated_at,
        i1_0.name,
        i1_0.unit,
        i1_0.updated_at 
    from
        ingredients i1_0 
    left join
        inventory i2_0 
            on i1_0.id=i2_0.ingredient_id 
    where
        i1_0.id=?
Hibernate: 
    select
        c1_0.id,
        c1_0.created_at,
        c1_0.description,
        c1_0.name,
        c1_0.updated_at 
    from
        categories c1_0 
    where
        c1_0.id=?
Hibernate: 
    select
        r1_0.menu_item_id,
        r1_0.id,
        r1_0.created_at,
        r1_0.ingredient_id,
        r1_0.quantity,
        r1_0.updated_at 
    from
        recipes r1_0 
    where
        r1_0.menu_item_id=?
Hibernate: 
    select
        r1_0.menu_item_id,
        r1_0.id,
        r1_0.created_at,
        r1_0.ingredient_id,
        r1_0.quantity,
        r1_0.updated_at 
    from
        recipes r1_0 
    where
        r1_0.menu_item_id=?
Hibernate: 
    select
        r1_0.menu_item_id,
        r1_0.id,
        r1_0.created_at,
        r1_0.ingredient_id,
        r1_0.quantity,
        r1_0.updated_at 
    from
        recipes r1_0 
    where
        r1_0.menu_item_id=?
Hibernate: 
    select
        r1_0.menu_item_id,
        r1_0.id,
        r1_0.created_at,
        r1_0.ingredient_id,
        r1_0.quantity,
        r1_0.updated_at 
    from
        recipes r1_0 
    where
        r1_0.menu_item_id=?
Hibernate: 
    select
        i1_0.id,
        i1_0.created_at,
        i2_0.id,
        i2_0.created_at,
        i2_0.ingredient_id,
        i2_0.minimum_stock,
        i2_0.quantity,
        i2_0.updated_at,
        i1_0.name,
        i1_0.unit,
        i1_0.updated_at 
    from
        ingredients i1_0 
    left join
        inventory i2_0 
            on i1_0.id=i2_0.ingredient_id 
    where
        i1_0.id=?
Hibernate: 
    select
        r1_0.menu_item_id,
        r1_0.id,
        r1_0.created_at,
        r1_0.ingredient_id,
        r1_0.quantity,
        r1_0.updated_at 
    from
        recipes r1_0 
    where
        r1_0.menu_item_id=?
Hibernate: 
    select
        r1_0.menu_item_id,
        r1_0.id,
        r1_0.created_at,
        r1_0.ingredient_id,
        r1_0.quantity,
        r1_0.updated_at 
    from
        recipes r1_0 
    where
        r1_0.menu_item_id=?
Hibernate: 
    select
        r1_0.menu_item_id,
        r1_0.id,
        r1_0.created_at,
        r1_0.ingredient_id,
        r1_0.quantity,
        r1_0.updated_at 
    from
        recipes r1_0 
    where
        r1_0.menu_item_id=?
Hibernate: 
    select
        r1_0.menu_item_id,
        r1_0.id,
        r1_0.created_at,
        r1_0.ingredient_id,
        r1_0.quantity,
        r1_0.updated_at 
    from
        recipes r1_0 
    where
        r1_0.menu_item_id=?
Hibernate: 
    select
        i1_0.id,
        i1_0.created_at,
        i2_0.id,
        i2_0.created_at,
        i2_0.ingredient_id,
        i2_0.minimum_stock,
        i2_0.quantity,
        i2_0.updated_at,
        i1_0.name,
        i1_0.unit,
        i1_0.updated_at 
    from
        ingredients i1_0 
    left join
        inventory i2_0 
            on i1_0.id=i2_0.ingredient_id 
    where
        i1_0.id=?
Hibernate: 
    select
        c1_0.id,
        c1_0.created_at,
        c1_0.description,
        c1_0.name,
        c1_0.updated_at 
    from
        categories c1_0 
    where
        c1_0.id=?
Hibernate: 
    select
        r1_0.menu_item_id,
        r1_0.id,
        r1_0.created_at,
        r1_0.ingredient_id,
        r1_0.quantity,
        r1_0.updated_at 
    from
        recipes r1_0 
    where
        r1_0.menu_item_id=?
Hibernate: 
    select
        r1_0.menu_item_id,
        r1_0.id,
        r1_0.created_at,
        r1_0.ingredient_id,
        r1_0.quantity,
        r1_0.updated_at 
    from
        recipes r1_0 
    where
        r1_0.menu_item_id=?
Hibernate: 
    select
        i1_0.id,
        i1_0.created_at,
        i2_0.id,
        i2_0.created_at,
        i2_0.ingredient_id,
        i2_0.minimum_stock,
        i2_0.quantity,
        i2_0.updated_at,
        i1_0.name,
        i1_0.unit,
        i1_0.updated_at 
    from
        ingredients i1_0 
    left join
        inventory i2_0 
            on i1_0.id=i2_0.ingredient_id 
    where
        i1_0.id=?
Hibernate: 
    select
        r1_0.menu_item_id,
        r1_0.id,
        r1_0.created_at,
        r1_0.ingredient_id,
        r1_0.quantity,
        r1_0.updated_at 
    from
        recipes r1_0 
    where
        r1_0.menu_item_id=?
Hibernate: 
    select
        i1_0.id,
        i1_0.created_at,
        i2_0.id,
        i2_0.created_at,
        i2_0.ingredient_id,
        i2_0.minimum_stock,
        i2_0.quantity,
        i2_0.updated_at,
        i1_0.name,
        i1_0.unit,
        i1_0.updated_at 
    from
        ingredients i1_0 
    left join
        inventory i2_0 
            on i1_0.id=i2_0.ingredient_id 
    where
        i1_0.id=?
Hibernate: 
    select
        r1_0.menu_item_id,
        r1_0.id,
        r1_0.created_at,
        r1_0.ingredient_id,
        r1_0.quantity,
        r1_0.updated_at 
    from
        recipes r1_0 
    where
        r1_0.menu_item_id=?
Hibernate: 
    select
        i1_0.id,
        i1_0.created_at,
        i2_0.id,
        i2_0.created_at,
        i2_0.ingredient_id,
        i2_0.minimum_stock,
        i2_0.quantity,
        i2_0.updated_at,
        i1_0.name,
        i1_0.unit,
        i1_0.updated_at 
    from
        ingredients i1_0 
    left join
        inventory i2_0 
            on i1_0.id=i2_0.ingredient_id 
    where
        i1_0.id=?
Hibernate: 
    select
        r1_0.menu_item_id,
        r1_0.id,
        r1_0.created_at,
        r1_0.ingredient_id,
        r1_0.quantity,
        r1_0.updated_at 
    from
        recipes r1_0 
    where
        r1_0.menu_item_id=?
Hibernate: 
    select
        r1_0.menu_item_id,
        r1_0.id,
        r1_0.created_at,
        r1_0.ingredient_id,
        r1_0.quantity,
        r1_0.updated_at 
    from
        recipes r1_0 
    where
        r1_0.menu_item_id=?
Hibernate: 
    select
        i1_0.id,
        i1_0.created_at,
        i2_0.id,
        i2_0.created_at,
        i2_0.ingredient_id,
        i2_0.minimum_stock,
        i2_0.quantity,
        i2_0.updated_at,
        i1_0.name,
        i1_0.unit,
        i1_0.updated_at 
    from
        ingredients i1_0 
    left join
        inventory i2_0 
            on i1_0.id=i2_0.ingredient_id 
    where
        i1_0.id=?
Hibernate: 
    select
        r1_0.menu_item_id,
        r1_0.id,
        r1_0.created_at,
        r1_0.ingredient_id,
        r1_0.quantity,
        r1_0.updated_at 
    from
        recipes r1_0 
    where
        r1_0.menu_item_id=?
Hibernate: 
    select
        c1_0.id,
        c1_0.created_at,
        c1_0.description,
        c1_0.name,
        c1_0.updated_at 
    from
        categories c1_0 
    where
        c1_0.id=?
Hibernate: 
    select
        r1_0.menu_item_id,
        r1_0.id,
        r1_0.created_at,
        r1_0.ingredient_id,
        r1_0.quantity,
        r1_0.updated_at 
    from
        recipes r1_0 
    where
        r1_0.menu_item_id=?
Hibernate: 
    select
        r1_0.menu_item_id,
        r1_0.id,
        r1_0.created_at,
        r1_0.ingredient_id,
        r1_0.quantity,
        r1_0.updated_at 
    from
        recipes r1_0 
    where
        r1_0.menu_item_id=?
Hibernate: 
    select
        r1_0.menu_item_id,
        r1_0.id,
        r1_0.created_at,
        r1_0.ingredient_id,
        r1_0.quantity,
        r1_0.updated_at 
    from
        recipes r1_0 
    where
        r1_0.menu_item_id=?
Hibernate: 
    select
        r1_0.menu_item_id,
        r1_0.id,
        r1_0.created_at,
        r1_0.ingredient_id,
        r1_0.quantity,
        r1_0.updated_at 
    from
        recipes r1_0 
    where
        r1_0.menu_item_id=?
Hibernate: 
    select
        c1_0.id,
        c1_0.created_at,
        c1_0.description,
        c1_0.name,
        c1_0.updated_at 
    from
        categories c1_0 
    where
        c1_0.id=?
Hibernate: 
    select
        r1_0.menu_item_id,
        r1_0.id,
        r1_0.created_at,
        r1_0.ingredient_id,
        r1_0.quantity,
        r1_0.updated_at 
    from
        recipes r1_0 
    where
        r1_0.menu_item_id=?
Hibernate: 
    select
        r1_0.menu_item_id,
        r1_0.id,
        r1_0.created_at,
        r1_0.ingredient_id,
        r1_0.quantity,
        r1_0.updated_at 
    from
        recipes r1_0 
    where
        r1_0.menu_item_id=?
Hibernate: 
    select
        r1_0.menu_item_id,
        r1_0.id,
        r1_0.created_at,
        r1_0.ingredient_id,
        r1_0.quantity,
        r1_0.updated_at 
    from
        recipes r1_0 
    where
        r1_0.menu_item_id=?
Hibernate: 
    select
        r1_0.menu_item_id,
        r1_0.id,
        r1_0.created_at,
        r1_0.ingredient_id,
        r1_0.quantity,
        r1_0.updated_at 
    from
        recipes r1_0 
    where
        r1_0.menu_item_id=?
Hibernate: 
    select
        r1_0.menu_item_id,
        r1_0.id,
        r1_0.created_at,
        r1_0.ingredient_id,
        r1_0.quantity,
        r1_0.updated_at 
    from
        recipes r1_0 
    where
        r1_0.menu_item_id=?
Hibernate: 
    select
        r1_0.menu_item_id,
        r1_0.id,
        r1_0.created_at,
        r1_0.ingredient_id,
        r1_0.quantity,
        r1_0.updated_at 
    from
        recipes r1_0 
    where
        r1_0.menu_item_id=?
Hibernate: 
    select
        r1_0.menu_item_id,
        r1_0.id,
        r1_0.created_at,
        r1_0.ingredient_id,
        r1_0.quantity,
        r1_0.updated_at 
    from
        recipes r1_0 
    where
        r1_0.menu_item_id=?
Hibernate: 
    select
        c1_0.id,
        c1_0.created_at,
        c1_0.description,
        c1_0.name,
        c1_0.updated_at 
    from
        categories c1_0 
    where
        c1_0.id=?
Hibernate: 
    select
        r1_0.menu_item_id,
        r1_0.id,
        r1_0.created_at,
        r1_0.ingredient_id,
        r1_0.quantity,
        r1_0.updated_at 
    from
        recipes r1_0 
    where
        r1_0.menu_item_id=?
Hibernate: 
    select
        r1_0.menu_item_id,
        r1_0.id,
        r1_0.created_at,
        r1_0.ingredient_id,
        r1_0.quantity,
        r1_0.updated_at 
    from
        recipes r1_0 
    where
        r1_0.menu_item_id=?
Hibernate: 
    select
        r1_0.menu_item_id,
        r1_0.id,
        r1_0.created_at,
        r1_0.ingredient_id,
        r1_0.quantity,
        r1_0.updated_at 
    from
        recipes r1_0 
    where
        r1_0.menu_item_id=?
Hibernate: 
    select
        r1_0.menu_item_id,
        r1_0.id,
        r1_0.created_at,
        r1_0.ingredient_id,
        r1_0.quantity,
        r1_0.updated_at 
    from
        recipes r1_0 
    where
        r1_0.menu_item_id=?
Hibernate: 
    select
        i1_0.id,
        i1_0.created_at,
        i2_0.id,
        i2_0.created_at,
        i2_0.ingredient_id,
        i2_0.minimum_stock,
        i2_0.quantity,
        i2_0.updated_at,
        i1_0.name,
        i1_0.unit,
        i1_0.updated_at 
    from
        ingredients i1_0 
    left join
        inventory i2_0 
            on i1_0.id=i2_0.ingredient_id 
    where
        i1_0.id=?
Hibernate: 
    select
        r1_0.menu_item_id,
        r1_0.id,
        r1_0.created_at,
        r1_0.ingredient_id,
        r1_0.quantity,
        r1_0.updated_at 
    from
        recipes r1_0 
    where
        r1_0.menu_item_id=?
Hibernate: 
    select
        r1_0.menu_item_id,
        r1_0.id,
        r1_0.created_at,
        r1_0.ingredient_id,
        r1_0.quantity,
        r1_0.updated_at 
    from
        recipes r1_0 
    where
        r1_0.menu_item_id=?
Hibernate: 
    select
        i1_0.id,
        i1_0.created_at,
        i2_0.id,
        i2_0.created_at,
        i2_0.ingredient_id,
        i2_0.minimum_stock,
        i2_0.quantity,
        i2_0.updated_at,
        i1_0.name,
        i1_0.unit,
        i1_0.updated_at 
    from
        ingredients i1_0 
    left join
        inventory i2_0 
            on i1_0.id=i2_0.ingredient_id 
    where
        i1_0.id=?
Hibernate: 
    select
        r1_0.menu_item_id,
        r1_0.id,
        r1_0.created_at,
        r1_0.ingredient_id,
        r1_0.quantity,
        r1_0.updated_at 
    from
        recipes r1_0 
    where
        r1_0.menu_item_id=?
Hibernate: 
    select
        i1_0.id,
        i1_0.created_at,
        i2_0.id,
        i2_0.created_at,
        i2_0.ingredient_id,
        i2_0.minimum_stock,
        i2_0.quantity,
        i2_0.updated_at,
        i1_0.name,
        i1_0.unit,
        i1_0.updated_at 
    from
        ingredients i1_0 
    left join
        inventory i2_0 
            on i1_0.id=i2_0.ingredient_id 
    where
        i1_0.id=?
Hibernate: 
    select
        r1_0.menu_item_id,
        r1_0.id,
        r1_0.created_at,
        r1_0.ingredient_id,
        r1_0.quantity,
        r1_0.updated_at 
    from
        recipes r1_0 
    where
        r1_0.menu_item_id=?
Hibernate: 
    select
        c1_0.id,
        c1_0.created_at,
        c1_0.description,
        c1_0.name,
        c1_0.updated_at 
    from
        categories c1_0 
    where
        c1_0.id=?
Hibernate: 
    select
        r1_0.menu_item_id,
        r1_0.id,
        r1_0.created_at,
        r1_0.ingredient_id,
        r1_0.quantity,
        r1_0.updated_at 
    from
        recipes r1_0 
    where
        r1_0.menu_item_id=?
Hibernate: 
    select
        r1_0.menu_item_id,
        r1_0.id,
        r1_0.created_at,
        r1_0.ingredient_id,
        r1_0.quantity,
        r1_0.updated_at 
    from
        recipes r1_0 
    where
        r1_0.menu_item_id=?
Hibernate: 
    select
        r1_0.menu_item_id,
        r1_0.id,
        r1_0.created_at,
        r1_0.ingredient_id,
        r1_0.quantity,
        r1_0.updated_at 
    from
        recipes r1_0 
    where
        r1_0.menu_item_id=?
Hibernate: 
    select
        r1_0.menu_item_id,
        r1_0.id,
        r1_0.created_at,
        r1_0.ingredient_id,
        r1_0.quantity,
        r1_0.updated_at 
    from
        recipes r1_0 
    where
        r1_0.menu_item_id=?
Hibernate: 
    select
        c1_0.id,
        c1_0.created_at,
        c1_0.description,
        c1_0.name,
        c1_0.updated_at 
    from
        categories c1_0 
    where
        c1_0.id=?
Hibernate: 
    select
        r1_0.menu_item_id,
        r1_0.id,
        r1_0.created_at,
        r1_0.ingredient_id,
        r1_0.quantity,
        r1_0.updated_at 
    from
        recipes r1_0 
    where
        r1_0.menu_item_id=?
Hibernate: 
    select
        r1_0.menu_item_id,
        r1_0.id,
        r1_0.created_at,
        r1_0.ingredient_id,
        r1_0.quantity,
        r1_0.updated_at 
    from
        recipes r1_0 
    where
        r1_0.menu_item_id=?
Hibernate: 
    select
        i1_0.id,
        i1_0.created_at,
        i2_0.id,
        i2_0.created_at,
        i2_0.ingredient_id,
        i2_0.minimum_stock,
        i2_0.quantity,
        i2_0.updated_at,
        i1_0.name,
        i1_0.unit,
        i1_0.updated_at 
    from
        ingredients i1_0 
    left join
        inventory i2_0 
            on i1_0.id=i2_0.ingredient_id 
    where
        i1_0.id=?
Hibernate: 
    select
        i1_0.id,
        i1_0.created_at,
        i2_0.id,
        i2_0.created_at,
        i2_0.ingredient_id,
        i2_0.minimum_stock,
        i2_0.quantity,
        i2_0.updated_at,
        i1_0.name,
        i1_0.unit,
        i1_0.updated_at 
    from
        ingredients i1_0 
    left join
        inventory i2_0 
            on i1_0.id=i2_0.ingredient_id 
    where
        i1_0.id=?
Hibernate: 
    select
        r1_0.menu_item_id,
        r1_0.id,
        r1_0.created_at,
        r1_0.ingredient_id,
        r1_0.quantity,
        r1_0.updated_at 
    from
        recipes r1_0 
    where
        r1_0.menu_item_id=?
Hibernate: 
    select
        i1_0.id,
        i1_0.created_at,
        i2_0.id,
        i2_0.created_at,
        i2_0.ingredient_id,
        i2_0.minimum_stock,
        i2_0.quantity,
        i2_0.updated_at,
        i1_0.name,
        i1_0.unit,
        i1_0.updated_at 
    from
        ingredients i1_0 
    left join
        inventory i2_0 
            on i1_0.id=i2_0.ingredient_id 
    where
        i1_0.id=?
Hibernate: 
    select
        r1_0.menu_item_id,
        r1_0.id,
        r1_0.created_at,
        r1_0.ingredient_id,
        r1_0.quantity,
        r1_0.updated_at 
    from
        recipes r1_0 
    where
        r1_0.menu_item_id=?
Hibernate: 
    select
        r1_0.menu_item_id,
        r1_0.id,
        r1_0.created_at,
        r1_0.ingredient_id,
        r1_0.quantity,
        r1_0.updated_at 
    from
        recipes r1_0 
    where
        r1_0.menu_item_id=?
Hibernate: 
    select
        r1_0.menu_item_id,
        r1_0.id,
        r1_0.created_at,
        r1_0.ingredient_id,
        r1_0.quantity,
        r1_0.updated_at 
    from
        recipes r1_0 
    where
        r1_0.menu_item_id=?
Hibernate: 
    select
        c1_0.id,
        c1_0.created_at,
        c1_0.description,
        c1_0.name,
        c1_0.updated_at 
    from
        categories c1_0 
    where
        c1_0.id=?
Hibernate: 
    select
        r1_0.menu_item_id,
        r1_0.id,
        r1_0.created_at,
        r1_0.ingredient_id,
        r1_0.quantity,
        r1_0.updated_at 
    from
        recipes r1_0 
    where
        r1_0.menu_item_id=?
Hibernate: 
    select
        r1_0.menu_item_id,
        r1_0.id,
        r1_0.created_at,
        r1_0.ingredient_id,
        r1_0.quantity,
        r1_0.updated_at 
    from
        recipes r1_0 
    where
        r1_0.menu_item_id=?
Hibernate: 
    select
        r1_0.menu_item_id,
        r1_0.id,
        r1_0.created_at,
        r1_0.ingredient_id,
        r1_0.quantity,
        r1_0.updated_at 
    from
        recipes r1_0 
    where
        r1_0.menu_item_id=?
Hibernate: 
    select
        r1_0.menu_item_id,
        r1_0.id,
        r1_0.created_at,
        r1_0.ingredient_id,
        r1_0.quantity,
        r1_0.updated_at 
    from
        recipes r1_0 
    where
        r1_0.menu_item_id=?
Hibernate: 
    select
        r1_0.menu_item_id,
        r1_0.id,
        r1_0.created_at,
        r1_0.ingredient_id,
        r1_0.quantity,
        r1_0.updated_at 
    from
        recipes r1_0 
    where
        r1_0.menu_item_id=?
Hibernate: 
    select
        c1_0.id,
        c1_0.created_at,
        c1_0.description,
        c1_0.name,
        c1_0.updated_at 
    from
        categories c1_0 
    where
        c1_0.id=?
Hibernate: 
    select
        r1_0.menu_item_id,
        r1_0.id,
        r1_0.created_at,
        r1_0.ingredient_id,
        r1_0.quantity,
        r1_0.updated_at 
    from
        recipes r1_0 
    where
        r1_0.menu_item_id=?
Hibernate: 
    select
        r1_0.menu_item_id,
        r1_0.id,
        r1_0.created_at,
        r1_0.ingredient_id,
        r1_0.quantity,
        r1_0.updated_at 
    from
        recipes r1_0 
    where
        r1_0.menu_item_id=?
Hibernate: 
    select
        r1_0.menu_item_id,
        r1_0.id,
        r1_0.created_at,
        r1_0.ingredient_id,
        r1_0.quantity,
        r1_0.updated_at 
    from
        recipes r1_0 
    where
        r1_0.menu_item_id=?
Hibernate: 
    select
        r1_0.menu_item_id,
        r1_0.id,
        r1_0.created_at,
        r1_0.ingredient_id,
        r1_0.quantity,
        r1_0.updated_at 
    from
        recipes r1_0 
    where
        r1_0.menu_item_id=?
Hibernate: 
    select
        c1_0.id,
        c1_0.created_at,
        c1_0.description,
        c1_0.name,
        c1_0.updated_at 
    from
        categories c1_0 
    where
        c1_0.id=?
Hibernate: 
    select
        r1_0.menu_item_id,
        r1_0.id,
        r1_0.created_at,
        r1_0.ingredient_id,
        r1_0.quantity,
        r1_0.updated_at 
    from
        recipes r1_0 
    where
        r1_0.menu_item_id=?
Hibernate: 
    select
        r1_0.menu_item_id,
        r1_0.id,
        r1_0.created_at,
        r1_0.ingredient_id,
        r1_0.quantity,
        r1_0.updated_at 
    from
        recipes r1_0 
    where
        r1_0.menu_item_id=?
Hibernate: 
    select
        r1_0.menu_item_id,
        r1_0.id,
        r1_0.created_at,
        r1_0.ingredient_id,
        r1_0.quantity,
        r1_0.updated_at 
    from
        recipes r1_0 
    where
        r1_0.menu_item_id=?
Hibernate: 
    select
        r1_0.menu_item_id,
        r1_0.id,
        r1_0.created_at,
        r1_0.ingredient_id,
        r1_0.quantity,
        r1_0.updated_at 
    from
        recipes r1_0 
    where
        r1_0.menu_item_id=?
Hibernate: 
    select
        r1_0.menu_item_id,
        r1_0.id,
        r1_0.created_at,
        r1_0.ingredient_id,
        r1_0.quantity,
        r1_0.updated_at 
    from
        recipes r1_0 
    where
        r1_0.menu_item_id=?
Hibernate: 
    select
        r1_0.menu_item_id,
        r1_0.id,
        r1_0.created_at,
        r1_0.ingredient_id,
        r1_0.quantity,
        r1_0.updated_at 
    from
        recipes r1_0 
    where
        r1_0.menu_item_id=?
Hibernate: 
    select
        r1_0.menu_item_id,
        r1_0.id,
        r1_0.created_at,
        r1_0.ingredient_id,
        r1_0.quantity,
        r1_0.updated_at 
    from
        recipes r1_0 
    where
        r1_0.menu_item_id=?
Hibernate: 
    select
        r1_0.menu_item_id,
        r1_0.id,
        r1_0.created_at,
        r1_0.ingredient_id,
        r1_0.quantity,
        r1_0.updated_at 
    from
        recipes r1_0 
    where
        r1_0.menu_item_id=?
Hibernate: 
    select
        r1_0.menu_item_id,
        r1_0.id,
        r1_0.created_at,
        r1_0.ingredient_id,
        r1_0.quantity,
        r1_0.updated_at 
    from
        recipes r1_0 
    where
        r1_0.menu_item_id=?
Hibernate: 
    select
        r1_0.menu_item_id,
        r1_0.id,
        r1_0.created_at,
        r1_0.ingredient_id,
        r1_0.quantity,
        r1_0.updated_at 
    from
        recipes r1_0 
    where
        r1_0.menu_item_id=?
Hibernate: 
    select
        r1_0.menu_item_id,
        r1_0.id,
        r1_0.created_at,
        r1_0.ingredient_id,
        r1_0.quantity,
        r1_0.updated_at 
    from
        recipes r1_0 
    where
        r1_0.menu_item_id=?
Hibernate: 
    select
        r1_0.menu_item_id,
        r1_0.id,
        r1_0.created_at,
        r1_0.ingredient_id,
        r1_0.quantity,
        r1_0.updated_at 
    from
        recipes r1_0 
    where
        r1_0.menu_item_id=?
Hibernate: 
    select
        r1_0.menu_item_id,
        r1_0.id,
        r1_0.created_at,
        r1_0.ingredient_id,
        r1_0.quantity,
        r1_0.updated_at 
    from
        recipes r1_0 
    where
        r1_0.menu_item_id=?
Hibernate: 
    select
        u1_0.id,
        u1_0.active,
        u1_0.created_at,
        u1_0.email,
        u1_0.full_name,
        u1_0.password,
        u1_0.phone,
        u1_0.role_id,
        u1_0.updated_at,
        u1_0.username 
    from
        users u1_0 
    where
        u1_0.username=?
Hibernate: 
    select
        r1_0.id,
        r1_0.created_at,
        r1_0.description,
        r1_0.name,
        r1_0.updated_at 
    from
        roles r1_0 
    where
        r1_0.id=?
Hibernate: 
    select
        u1_0.id,
        u1_0.active,
        u1_0.created_at,
        u1_0.email,
        u1_0.full_name,
        u1_0.password,
        u1_0.phone,
        u1_0.role_id,
        u1_0.updated_at,
        u1_0.username 
    from
        users u1_0 
    where
        u1_0.username=?
Hibernate: 
    select
        r1_0.id,
        r1_0.created_at,
        r1_0.description,
        r1_0.name,
        r1_0.updated_at 
    from
        roles r1_0 
    where
        r1_0.id=?
2026-04-12T11:55:59.124+07:00  WARN [req:9fc90d53-c150-4010-abca-fc0dbfbbeb5f] 1940 --- [Capstone2] [nio-8080-exec-7] org.hibernate.orm.query                  : HHH90003004: firstResult/maxResults specified with collection fetch; applying in memory
Hibernate: 
    select
        o1_0.id,
        o1_0.created_at,
        cb1_0.id,
        cb1_0.active,
        cb1_0.created_at,
        cb1_0.email,
        cb1_0.full_name,
        cb1_0.password,
        cb1_0.phone,
        cb1_0.role_id,
        cb1_0.updated_at,
        cb1_0.username,
        o1_0.note,
        oi1_0.order_id,
        oi1_0.id,
        oi1_0.created_at,
        oi1_0.menu_item_id,
        mi1_0.id,
        mi1_0.available,
        mi1_0.badge_best_seller,
        mi1_0.badge_new,
        mi1_0.category_id,
        mi1_0.created_at,
        mi1_0.description,
        mi1_0.drink,
        mi1_0.drink_sizes_json,
        mi1_0.drink_toppings_json,
        mi1_0.image_url,
        mi1_0.name,
        mi1_0.price,
        mi1_0.updated_at,
        oi1_0.quantity,
        oi1_0.selected_size_code,
        oi1_0.selected_size_label,
        oi1_0.selected_toppings_json,
        oi1_0.subtotal,
        oi1_0.unit_price,
        oi1_0.updated_at,
        o1_0.qr_client_session_id,
        o1_0.status,
        o1_0.table_number,
        o1_0.total_amount,
        o1_0.updated_at 
    from
        orders o1_0 
    left join
        users cb1_0 
            on cb1_0.id=o1_0.created_by 
    left join
        order_items oi1_0 
            on o1_0.id=oi1_0.order_id 
    left join
        menu_items mi1_0 
            on mi1_0.id=oi1_0.menu_item_id 
    order by
        o1_0.created_at desc
Hibernate: 
    select
        count(o1_0.id) 
    from
        orders o1_0
Hibernate: 
    select
        u1_0.id,
        u1_0.active,
        u1_0.created_at,
        u1_0.email,
        u1_0.full_name,
        u1_0.password,
        u1_0.phone,
        u1_0.role_id,
        u1_0.updated_at,
        u1_0.username 
    from
        users u1_0 
    where
        u1_0.username=?
Hibernate: 
    select
        r1_0.id,
        r1_0.created_at,
        r1_0.description,
        r1_0.name,
        r1_0.updated_at 
    from
        roles r1_0 
    where
        r1_0.id=?
Hibernate: 
    select
        u1_0.id,
        u1_0.active,
        u1_0.created_at,
        u1_0.email,
        u1_0.full_name,
        u1_0.password,
        u1_0.phone,
        u1_0.role_id,
        u1_0.updated_at,
        u1_0.username 
    from
        users u1_0 
    where
        u1_0.username=?
Hibernate: 
    select
        r1_0.id,
        r1_0.created_at,
        r1_0.description,
        r1_0.name,
        r1_0.updated_at 
    from
        roles r1_0 
    where
        r1_0.id=?
2026-04-12T11:55:59.246+07:00  WARN [req:8e57853e-51a3-4796-ae2d-71f5a1f9d319] 1940 --- [Capstone2] [nio-8080-exec-1] org.hibernate.orm.query                  : HHH90003004: firstResult/maxResults specified with collection fetch; applying in memory
Hibernate: 
    select
        o1_0.id,
        o1_0.created_at,
        cb1_0.id,
        cb1_0.active,
        cb1_0.created_at,
        cb1_0.email,
        cb1_0.full_name,
        cb1_0.password,
        cb1_0.phone,
        cb1_0.role_id,
        cb1_0.updated_at,
        cb1_0.username,
        o1_0.note,
        oi1_0.order_id,
        oi1_0.id,
        oi1_0.created_at,
        oi1_0.menu_item_id,
        mi1_0.id,
        mi1_0.available,
        mi1_0.badge_best_seller,
        mi1_0.badge_new,
        mi1_0.category_id,
        mi1_0.created_at,
        mi1_0.description,
        mi1_0.drink,
        mi1_0.drink_sizes_json,
        mi1_0.drink_toppings_json,
        mi1_0.image_url,
        mi1_0.name,
        mi1_0.price,
        mi1_0.updated_at,
        oi1_0.quantity,
        oi1_0.selected_size_code,
        oi1_0.selected_size_label,
        oi1_0.selected_toppings_json,
        oi1_0.subtotal,
        oi1_0.unit_price,
        oi1_0.updated_at,
        o1_0.qr_client_session_id,
        o1_0.status,
        o1_0.table_number,
        o1_0.total_amount,
        o1_0.updated_at 
    from
        orders o1_0 
    left join
        users cb1_0 
            on cb1_0.id=o1_0.created_by 
    left join
        order_items oi1_0 
            on o1_0.id=oi1_0.order_id 
    left join
        menu_items mi1_0 
            on mi1_0.id=oi1_0.menu_item_id 
    order by
        o1_0.created_at desc
Hibernate: 
    select
        st1_0.id,
        st1_0.cashier_id,
        st1_0.created_at,
        st1_0.net_amount,
        st1_0.order_id,
        st1_0.paid_at,
        st1_0.payment_method,
        st1_0.payos_checkout_url,
        st1_0.payos_qr_code,
        st1_0.payos_qr_expires_at,
        st1_0.provider_transaction_id,
        st1_0.total_amount,
        st1_0.updated_at,
        st1_0.vat_amount,
        st1_0.vat_rate 
    from
        sales_transactions st1_0 
    where
        st1_0.order_id in (?, ?, ?, ?, ?, ?, ?, ?, ?, ?)
Hibernate: 
    select
        count(o1_0.id) 
    from
        orders o1_0
Hibernate: 
    select
        u1_0.id,
        u1_0.active,
        u1_0.created_at,
        u1_0.email,
        u1_0.full_name,
        u1_0.password,
        u1_0.phone,
        u1_0.role_id,
        u1_0.updated_at,
        u1_0.username 
    from
        users u1_0 
    where
        u1_0.username=?
Hibernate: 
    select
        r1_0.id,
        r1_0.created_at,
        r1_0.description,
        r1_0.name,
        r1_0.updated_at 
    from
        roles r1_0 
    where
        r1_0.id=?
Hibernate: 
    select
        st1_0.id,
        st1_0.cashier_id,
        st1_0.created_at,
        st1_0.net_amount,
        st1_0.order_id,
        st1_0.paid_at,
        st1_0.payment_method,
        st1_0.payos_checkout_url,
        st1_0.payos_qr_code,
        st1_0.payos_qr_expires_at,
        st1_0.provider_transaction_id,
        st1_0.total_amount,
        st1_0.updated_at,
        st1_0.vat_amount,
        st1_0.vat_rate 
    from
        sales_transactions st1_0 
    where
        st1_0.order_id in (?, ?, ?, ?, ?, ?, ?, ?, ?, ?)
Hibernate: 
    select
        u1_0.id,
        u1_0.active,
        u1_0.created_at,
        u1_0.email,
        u1_0.full_name,
        u1_0.password,
        u1_0.phone,
        u1_0.role_id,
        u1_0.updated_at,
        u1_0.username 
    from
        users u1_0 
    where
        u1_0.username=?
Hibernate: 
    select
        u1_0.id,
        u1_0.active,
        u1_0.created_at,
        u1_0.email,
        u1_0.full_name,
        u1_0.password,
        u1_0.phone,
        u1_0.role_id,
        u1_0.updated_at,
        u1_0.username 
    from
        users u1_0 
    where
        u1_0.username=?
Hibernate: 
    select
        r1_0.id,
        r1_0.created_at,
        r1_0.description,
        r1_0.name,
        r1_0.updated_at 
    from
        roles r1_0 
    where
        r1_0.id=?
Hibernate: 
    select
        r1_0.id,
        r1_0.created_at,
        r1_0.description,
        r1_0.name,
        r1_0.updated_at 
    from
        roles r1_0 
    where
        r1_0.id=?
Hibernate: 
    select
        c1_0.id,
        c1_0.created_at,
        c1_0.description,
        c1_0.name,
        c1_0.updated_at 
    from
        categories c1_0
Hibernate: 
    select
        mi1_0.id,
        mi1_0.available,
        mi1_0.badge_best_seller,
        mi1_0.badge_new,
        mi1_0.category_id,
        mi1_0.created_at,
        mi1_0.description,
        mi1_0.drink,
        mi1_0.drink_sizes_json,
        mi1_0.drink_toppings_json,
        mi1_0.image_url,
        mi1_0.name,
        mi1_0.price,
        mi1_0.updated_at 
    from
        menu_items mi1_0
Hibernate: 
    select
        c1_0.id,
        c1_0.created_at,
        c1_0.description,
        c1_0.name,
        c1_0.updated_at 
    from
        categories c1_0 
    where
        c1_0.id=?
Hibernate: 
    select
        r1_0.menu_item_id,
        r1_0.id,
        r1_0.created_at,
        r1_0.ingredient_id,
        r1_0.quantity,
        r1_0.updated_at 
    from
        recipes r1_0 
    where
        r1_0.menu_item_id=?
Hibernate: 
    select
        u1_0.id,
        u1_0.active,
        u1_0.created_at,
        u1_0.email,
        u1_0.full_name,
        u1_0.password,
        u1_0.phone,
        u1_0.role_id,
        u1_0.updated_at,
        u1_0.username 
    from
        users u1_0 
    where
        u1_0.username=?
Hibernate: 
    select
        i1_0.id,
        i1_0.created_at,
        i2_0.id,
        i2_0.created_at,
        i2_0.ingredient_id,
        i2_0.minimum_stock,
        i2_0.quantity,
        i2_0.updated_at,
        i1_0.name,
        i1_0.unit,
        i1_0.updated_at 
    from
        ingredients i1_0 
    left join
        inventory i2_0 
            on i1_0.id=i2_0.ingredient_id 
    where
        i1_0.id=?
Hibernate: 
    select
        r1_0.id,
        r1_0.created_at,
        r1_0.description,
        r1_0.name,
        r1_0.updated_at 
    from
        roles r1_0 
    where
        r1_0.id=?
Hibernate: 
    select
        i1_0.id,
        i1_0.created_at,
        i2_0.id,
        i2_0.created_at,
        i2_0.ingredient_id,
        i2_0.minimum_stock,
        i2_0.quantity,
        i2_0.updated_at,
        i1_0.name,
        i1_0.unit,
        i1_0.updated_at 
    from
        ingredients i1_0 
    left join
        inventory i2_0 
            on i1_0.id=i2_0.ingredient_id 
    where
        i1_0.id=?
Hibernate: 
    select
        i1_0.id,
        i1_0.created_at,
        i2_0.id,
        i2_0.created_at,
        i2_0.ingredient_id,
        i2_0.minimum_stock,
        i2_0.quantity,
        i2_0.updated_at,
        i1_0.name,
        i1_0.unit,
        i1_0.updated_at 
    from
        ingredients i1_0 
    left join
        inventory i2_0 
            on i1_0.id=i2_0.ingredient_id 
    where
        i1_0.id=?
Hibernate: 
    select
        r1_0.menu_item_id,
        r1_0.id,
        r1_0.created_at,
        r1_0.ingredient_id,
        r1_0.quantity,
        r1_0.updated_at 
    from
        recipes r1_0 
    where
        r1_0.menu_item_id=?
Hibernate: 
    select
        c1_0.id,
        c1_0.created_at,
        c1_0.description,
        c1_0.name,
        c1_0.updated_at 
    from
        categories c1_0
Hibernate: 
    select
        i1_0.id,
        i1_0.created_at,
        i2_0.id,
        i2_0.created_at,
        i2_0.ingredient_id,
        i2_0.minimum_stock,
        i2_0.quantity,
        i2_0.updated_at,
        i1_0.name,
        i1_0.unit,
        i1_0.updated_at 
    from
        ingredients i1_0 
    left join
        inventory i2_0 
            on i1_0.id=i2_0.ingredient_id 
    where
        i1_0.id=?
Hibernate: 
    select
        r1_0.menu_item_id,
        r1_0.id,
        r1_0.created_at,
        r1_0.ingredient_id,
        r1_0.quantity,
        r1_0.updated_at 
    from
        recipes r1_0 
    where
        r1_0.menu_item_id=?
Hibernate: 
    select
        i1_0.id,
        i1_0.created_at,
        i2_0.id,
        i2_0.created_at,
        i2_0.ingredient_id,
        i2_0.minimum_stock,
        i2_0.quantity,
        i2_0.updated_at,
        i1_0.name,
        i1_0.unit,
        i1_0.updated_at 
    from
        ingredients i1_0 
    left join
        inventory i2_0 
            on i1_0.id=i2_0.ingredient_id 
    where
        i1_0.id=?
Hibernate: 
    select
        r1_0.menu_item_id,
        r1_0.id,
        r1_0.created_at,
        r1_0.ingredient_id,
        r1_0.quantity,
        r1_0.updated_at 
    from
        recipes r1_0 
    where
        r1_0.menu_item_id=?
Hibernate: 
    select
        r1_0.menu_item_id,
        r1_0.id,
        r1_0.created_at,
        r1_0.ingredient_id,
        r1_0.quantity,
        r1_0.updated_at 
    from
        recipes r1_0 
    where
        r1_0.menu_item_id=?
Hibernate: 
    select
        r1_0.menu_item_id,
        r1_0.id,
        r1_0.created_at,
        r1_0.ingredient_id,
        r1_0.quantity,
        r1_0.updated_at 
    from
        recipes r1_0 
    where
        r1_0.menu_item_id=?
Hibernate: 
    select
        i1_0.id,
        i1_0.created_at,
        i2_0.id,
        i2_0.created_at,
        i2_0.ingredient_id,
        i2_0.minimum_stock,
        i2_0.quantity,
        i2_0.updated_at,
        i1_0.name,
        i1_0.unit,
        i1_0.updated_at 
    from
        ingredients i1_0 
    left join
        inventory i2_0 
            on i1_0.id=i2_0.ingredient_id 
    where
        i1_0.id=?
Hibernate: 
    select
        r1_0.menu_item_id,
        r1_0.id,
        r1_0.created_at,
        r1_0.ingredient_id,
        r1_0.quantity,
        r1_0.updated_at 
    from
        recipes r1_0 
    where
        r1_0.menu_item_id=?
Hibernate: 
    select
        r1_0.menu_item_id,
        r1_0.id,
        r1_0.created_at,
        r1_0.ingredient_id,
        r1_0.quantity,
        r1_0.updated_at 
    from
        recipes r1_0 
    where
        r1_0.menu_item_id=?
Hibernate: 
    select
        i1_0.id,
        i1_0.created_at,
        i2_0.id,
        i2_0.created_at,
        i2_0.ingredient_id,
        i2_0.minimum_stock,
        i2_0.quantity,
        i2_0.updated_at,
        i1_0.name,
        i1_0.unit,
        i1_0.updated_at 
    from
        ingredients i1_0 
    left join
        inventory i2_0 
            on i1_0.id=i2_0.ingredient_id 
    where
        i1_0.id=?
Hibernate: 
    select
        r1_0.menu_item_id,
        r1_0.id,
        r1_0.created_at,
        r1_0.ingredient_id,
        r1_0.quantity,
        r1_0.updated_at 
    from
        recipes r1_0 
    where
        r1_0.menu_item_id=?
Hibernate: 
    select
        i1_0.id,
        i1_0.created_at,
        i2_0.id,
        i2_0.created_at,
        i2_0.ingredient_id,
        i2_0.minimum_stock,
        i2_0.quantity,
        i2_0.updated_at,
        i1_0.name,
        i1_0.unit,
        i1_0.updated_at 
    from
        ingredients i1_0 
    left join
        inventory i2_0 
            on i1_0.id=i2_0.ingredient_id 
    where
        i1_0.id=?
Hibernate: 
    select
        c1_0.id,
        c1_0.created_at,
        c1_0.description,
        c1_0.name,
        c1_0.updated_at 
    from
        categories c1_0 
    where
        c1_0.id=?
Hibernate: 
    select
        r1_0.menu_item_id,
        r1_0.id,
        r1_0.created_at,
        r1_0.ingredient_id,
        r1_0.quantity,
        r1_0.updated_at 
    from
        recipes r1_0 
    where
        r1_0.menu_item_id=?
Hibernate: 
    select
        i1_0.id,
        i1_0.created_at,
        i2_0.id,
        i2_0.created_at,
        i2_0.ingredient_id,
        i2_0.minimum_stock,
        i2_0.quantity,
        i2_0.updated_at,
        i1_0.name,
        i1_0.unit,
        i1_0.updated_at 
    from
        ingredients i1_0 
    left join
        inventory i2_0 
            on i1_0.id=i2_0.ingredient_id 
    where
        i1_0.id=?
Hibernate: 
    select
        r1_0.menu_item_id,
        r1_0.id,
        r1_0.created_at,
        r1_0.ingredient_id,
        r1_0.quantity,
        r1_0.updated_at 
    from
        recipes r1_0 
    where
        r1_0.menu_item_id=?
Hibernate: 
    select
        i1_0.id,
        i1_0.created_at,
        i2_0.id,
        i2_0.created_at,
        i2_0.ingredient_id,
        i2_0.minimum_stock,
        i2_0.quantity,
        i2_0.updated_at,
        i1_0.name,
        i1_0.unit,
        i1_0.updated_at 
    from
        ingredients i1_0 
    left join
        inventory i2_0 
            on i1_0.id=i2_0.ingredient_id 
    where
        i1_0.id=?
Hibernate: 
    select
        r1_0.menu_item_id,
        r1_0.id,
        r1_0.created_at,
        r1_0.ingredient_id,
        r1_0.quantity,
        r1_0.updated_at 
    from
        recipes r1_0 
    where
        r1_0.menu_item_id=?
Hibernate: 
    select
        r1_0.menu_item_id,
        r1_0.id,
        r1_0.created_at,
        r1_0.ingredient_id,
        r1_0.quantity,
        r1_0.updated_at 
    from
        recipes r1_0 
    where
        r1_0.menu_item_id=?
Hibernate: 
    select
        c1_0.id,
        c1_0.created_at,
        c1_0.description,
        c1_0.name,
        c1_0.updated_at 
    from
        categories c1_0 
    where
        c1_0.id=?
Hibernate: 
    select
        r1_0.menu_item_id,
        r1_0.id,
        r1_0.created_at,
        r1_0.ingredient_id,
        r1_0.quantity,
        r1_0.updated_at 
    from
        recipes r1_0 
    where
        r1_0.menu_item_id=?
Hibernate: 
    select
        i1_0.id,
        i1_0.created_at,
        i2_0.id,
        i2_0.created_at,
        i2_0.ingredient_id,
        i2_0.minimum_stock,
        i2_0.quantity,
        i2_0.updated_at,
        i1_0.name,
        i1_0.unit,
        i1_0.updated_at 
    from
        ingredients i1_0 
    left join
        inventory i2_0 
            on i1_0.id=i2_0.ingredient_id 
    where
        i1_0.id=?
Hibernate: 
    select
        r1_0.menu_item_id,
        r1_0.id,
        r1_0.created_at,
        r1_0.ingredient_id,
        r1_0.quantity,
        r1_0.updated_at 
    from
        recipes r1_0 
    where
        r1_0.menu_item_id=?
Hibernate: 
    select
        r1_0.menu_item_id,
        r1_0.id,
        r1_0.created_at,
        r1_0.ingredient_id,
        r1_0.quantity,
        r1_0.updated_at 
    from
        recipes r1_0 
    where
        r1_0.menu_item_id=?
Hibernate: 
    select
        i1_0.id,
        i1_0.created_at,
        i2_0.id,
        i2_0.created_at,
        i2_0.ingredient_id,
        i2_0.minimum_stock,
        i2_0.quantity,
        i2_0.updated_at,
        i1_0.name,
        i1_0.unit,
        i1_0.updated_at 
    from
        ingredients i1_0 
    left join
        inventory i2_0 
            on i1_0.id=i2_0.ingredient_id 
    where
        i1_0.id=?
Hibernate: 
    select
        r1_0.menu_item_id,
        r1_0.id,
        r1_0.created_at,
        r1_0.ingredient_id,
        r1_0.quantity,
        r1_0.updated_at 
    from
        recipes r1_0 
    where
        r1_0.menu_item_id=?
Hibernate: 
    select
        r1_0.menu_item_id,
        r1_0.id,
        r1_0.created_at,
        r1_0.ingredient_id,
        r1_0.quantity,
        r1_0.updated_at 
    from
        recipes r1_0 
    where
        r1_0.menu_item_id=?
Hibernate: 
    select
        i1_0.id,
        i1_0.created_at,
        i2_0.id,
        i2_0.created_at,
        i2_0.ingredient_id,
        i2_0.minimum_stock,
        i2_0.quantity,
        i2_0.updated_at,
        i1_0.name,
        i1_0.unit,
        i1_0.updated_at 
    from
        ingredients i1_0 
    left join
        inventory i2_0 
            on i1_0.id=i2_0.ingredient_id 
    where
        i1_0.id=?
Hibernate: 
    select
        r1_0.menu_item_id,
        r1_0.id,
        r1_0.created_at,
        r1_0.ingredient_id,
        r1_0.quantity,
        r1_0.updated_at 
    from
        recipes r1_0 
    where
        r1_0.menu_item_id=?
Hibernate: 
    select
        i1_0.id,
        i1_0.created_at,
        i2_0.id,
        i2_0.created_at,
        i2_0.ingredient_id,
        i2_0.minimum_stock,
        i2_0.quantity,
        i2_0.updated_at,
        i1_0.name,
        i1_0.unit,
        i1_0.updated_at 
    from
        ingredients i1_0 
    left join
        inventory i2_0 
            on i1_0.id=i2_0.ingredient_id 
    where
        i1_0.id=?
Hibernate: 
    select
        r1_0.menu_item_id,
        r1_0.id,
        r1_0.created_at,
        r1_0.ingredient_id,
        r1_0.quantity,
        r1_0.updated_at 
    from
        recipes r1_0 
    where
        r1_0.menu_item_id=?
Hibernate: 
    select
        i1_0.id,
        i1_0.created_at,
        i2_0.id,
        i2_0.created_at,
        i2_0.ingredient_id,
        i2_0.minimum_stock,
        i2_0.quantity,
        i2_0.updated_at,
        i1_0.name,
        i1_0.unit,
        i1_0.updated_at 
    from
        ingredients i1_0 
    left join
        inventory i2_0 
            on i1_0.id=i2_0.ingredient_id 
    where
        i1_0.id=?
Hibernate: 
    select
        r1_0.menu_item_id,
        r1_0.id,
        r1_0.created_at,
        r1_0.ingredient_id,
        r1_0.quantity,
        r1_0.updated_at 
    from
        recipes r1_0 
    where
        r1_0.menu_item_id=?
Hibernate: 
    select
        i1_0.id,
        i1_0.created_at,
        i2_0.id,
        i2_0.created_at,
        i2_0.ingredient_id,
        i2_0.minimum_stock,
        i2_0.quantity,
        i2_0.updated_at,
        i1_0.name,
        i1_0.unit,
        i1_0.updated_at 
    from
        ingredients i1_0 
    left join
        inventory i2_0 
            on i1_0.id=i2_0.ingredient_id 
    where
        i1_0.id=?
Hibernate: 
    select
        r1_0.menu_item_id,
        r1_0.id,
        r1_0.created_at,
        r1_0.ingredient_id,
        r1_0.quantity,
        r1_0.updated_at 
    from
        recipes r1_0 
    where
        r1_0.menu_item_id=?
Hibernate: 
    select
        r1_0.menu_item_id,
        r1_0.id,
        r1_0.created_at,
        r1_0.ingredient_id,
        r1_0.quantity,
        r1_0.updated_at 
    from
        recipes r1_0 
    where
        r1_0.menu_item_id=?
Hibernate: 
    select
        r1_0.menu_item_id,
        r1_0.id,
        r1_0.created_at,
        r1_0.ingredient_id,
        r1_0.quantity,
        r1_0.updated_at 
    from
        recipes r1_0 
    where
        r1_0.menu_item_id=?
Hibernate: 
    select
        r1_0.menu_item_id,
        r1_0.id,
        r1_0.created_at,
        r1_0.ingredient_id,
        r1_0.quantity,
        r1_0.updated_at 
    from
        recipes r1_0 
    where
        r1_0.menu_item_id=?
Hibernate: 
    select
        r1_0.menu_item_id,
        r1_0.id,
        r1_0.created_at,
        r1_0.ingredient_id,
        r1_0.quantity,
        r1_0.updated_at 
    from
        recipes r1_0 
    where
        r1_0.menu_item_id=?
Hibernate: 
    select
        i1_0.id,
        i1_0.created_at,
        i2_0.id,
        i2_0.created_at,
        i2_0.ingredient_id,
        i2_0.minimum_stock,
        i2_0.quantity,
        i2_0.updated_at,
        i1_0.name,
        i1_0.unit,
        i1_0.updated_at 
    from
        ingredients i1_0 
    left join
        inventory i2_0 
            on i1_0.id=i2_0.ingredient_id 
    where
        i1_0.id=?
Hibernate: 
    select
        c1_0.id,
        c1_0.created_at,
        c1_0.description,
        c1_0.name,
        c1_0.updated_at 
    from
        categories c1_0 
    where
        c1_0.id=?
Hibernate: 
    select
        r1_0.menu_item_id,
        r1_0.id,
        r1_0.created_at,
        r1_0.ingredient_id,
        r1_0.quantity,
        r1_0.updated_at 
    from
        recipes r1_0 
    where
        r1_0.menu_item_id=?
Hibernate: 
    select
        r1_0.menu_item_id,
        r1_0.id,
        r1_0.created_at,
        r1_0.ingredient_id,
        r1_0.quantity,
        r1_0.updated_at 
    from
        recipes r1_0 
    where
        r1_0.menu_item_id=?
Hibernate: 
    select
        r1_0.menu_item_id,
        r1_0.id,
        r1_0.created_at,
        r1_0.ingredient_id,
        r1_0.quantity,
        r1_0.updated_at 
    from
        recipes r1_0 
    where
        r1_0.menu_item_id=?
Hibernate: 
    select
        r1_0.menu_item_id,
        r1_0.id,
        r1_0.created_at,
        r1_0.ingredient_id,
        r1_0.quantity,
        r1_0.updated_at 
    from
        recipes r1_0 
    where
        r1_0.menu_item_id=?
Hibernate: 
    select
        r1_0.menu_item_id,
        r1_0.id,
        r1_0.created_at,
        r1_0.ingredient_id,
        r1_0.quantity,
        r1_0.updated_at 
    from
        recipes r1_0 
    where
        r1_0.menu_item_id=?
Hibernate: 
    select
        i1_0.id,
        i1_0.created_at,
        i2_0.id,
        i2_0.created_at,
        i2_0.ingredient_id,
        i2_0.minimum_stock,
        i2_0.quantity,
        i2_0.updated_at,
        i1_0.name,
        i1_0.unit,
        i1_0.updated_at 
    from
        ingredients i1_0 
    left join
        inventory i2_0 
            on i1_0.id=i2_0.ingredient_id 
    where
        i1_0.id=?
Hibernate: 
    select
        c1_0.id,
        c1_0.created_at,
        c1_0.description,
        c1_0.name,
        c1_0.updated_at 
    from
        categories c1_0 
    where
        c1_0.id=?
Hibernate: 
    select
        r1_0.menu_item_id,
        r1_0.id,
        r1_0.created_at,
        r1_0.ingredient_id,
        r1_0.quantity,
        r1_0.updated_at 
    from
        recipes r1_0 
    where
        r1_0.menu_item_id=?
Hibernate: 
    select
        r1_0.menu_item_id,
        r1_0.id,
        r1_0.created_at,
        r1_0.ingredient_id,
        r1_0.quantity,
        r1_0.updated_at 
    from
        recipes r1_0 
    where
        r1_0.menu_item_id=?
Hibernate: 
    select
        r1_0.menu_item_id,
        r1_0.id,
        r1_0.created_at,
        r1_0.ingredient_id,
        r1_0.quantity,
        r1_0.updated_at 
    from
        recipes r1_0 
    where
        r1_0.menu_item_id=?
Hibernate: 
    select
        r1_0.menu_item_id,
        r1_0.id,
        r1_0.created_at,
        r1_0.ingredient_id,
        r1_0.quantity,
        r1_0.updated_at 
    from
        recipes r1_0 
    where
        r1_0.menu_item_id=?
Hibernate: 
    select
        i1_0.id,
        i1_0.created_at,
        i2_0.id,
        i2_0.created_at,
        i2_0.ingredient_id,
        i2_0.minimum_stock,
        i2_0.quantity,
        i2_0.updated_at,
        i1_0.name,
        i1_0.unit,
        i1_0.updated_at 
    from
        ingredients i1_0 
    left join
        inventory i2_0 
            on i1_0.id=i2_0.ingredient_id 
    where
        i1_0.id=?
Hibernate: 
    select
        r1_0.menu_item_id,
        r1_0.id,
        r1_0.created_at,
        r1_0.ingredient_id,
        r1_0.quantity,
        r1_0.updated_at 
    from
        recipes r1_0 
    where
        r1_0.menu_item_id=?
Hibernate: 
    select
        r1_0.menu_item_id,
        r1_0.id,
        r1_0.created_at,
        r1_0.ingredient_id,
        r1_0.quantity,
        r1_0.updated_at 
    from
        recipes r1_0 
    where
        r1_0.menu_item_id=?
Hibernate: 
    select
        r1_0.menu_item_id,
        r1_0.id,
        r1_0.created_at,
        r1_0.ingredient_id,
        r1_0.quantity,
        r1_0.updated_at 
    from
        recipes r1_0 
    where
        r1_0.menu_item_id=?
Hibernate: 
    select
        r1_0.menu_item_id,
        r1_0.id,
        r1_0.created_at,
        r1_0.ingredient_id,
        r1_0.quantity,
        r1_0.updated_at 
    from
        recipes r1_0 
    where
        r1_0.menu_item_id=?
Hibernate: 
    select
        i1_0.id,
        i1_0.created_at,
        i2_0.id,
        i2_0.created_at,
        i2_0.ingredient_id,
        i2_0.minimum_stock,
        i2_0.quantity,
        i2_0.updated_at,
        i1_0.name,
        i1_0.unit,
        i1_0.updated_at 
    from
        ingredients i1_0 
    left join
        inventory i2_0 
            on i1_0.id=i2_0.ingredient_id 
    where
        i1_0.id=?
Hibernate: 
    select
        c1_0.id,
        c1_0.created_at,
        c1_0.description,
        c1_0.name,
        c1_0.updated_at 
    from
        categories c1_0 
    where
        c1_0.id=?
Hibernate: 
    select
        r1_0.menu_item_id,
        r1_0.id,
        r1_0.created_at,
        r1_0.ingredient_id,
        r1_0.quantity,
        r1_0.updated_at 
    from
        recipes r1_0 
    where
        r1_0.menu_item_id=?
Hibernate: 
    select
        r1_0.menu_item_id,
        r1_0.id,
        r1_0.created_at,
        r1_0.ingredient_id,
        r1_0.quantity,
        r1_0.updated_at 
    from
        recipes r1_0 
    where
        r1_0.menu_item_id=?
Hibernate: 
    select
        i1_0.id,
        i1_0.created_at,
        i2_0.id,
        i2_0.created_at,
        i2_0.ingredient_id,
        i2_0.minimum_stock,
        i2_0.quantity,
        i2_0.updated_at,
        i1_0.name,
        i1_0.unit,
        i1_0.updated_at 
    from
        ingredients i1_0 
    left join
        inventory i2_0 
            on i1_0.id=i2_0.ingredient_id 
    where
        i1_0.id=?
Hibernate: 
    select
        r1_0.menu_item_id,
        r1_0.id,
        r1_0.created_at,
        r1_0.ingredient_id,
        r1_0.quantity,
        r1_0.updated_at 
    from
        recipes r1_0 
    where
        r1_0.menu_item_id=?
Hibernate: 
    select
        i1_0.id,
        i1_0.created_at,
        i2_0.id,
        i2_0.created_at,
        i2_0.ingredient_id,
        i2_0.minimum_stock,
        i2_0.quantity,
        i2_0.updated_at,
        i1_0.name,
        i1_0.unit,
        i1_0.updated_at 
    from
        ingredients i1_0 
    left join
        inventory i2_0 
            on i1_0.id=i2_0.ingredient_id 
    where
        i1_0.id=?
Hibernate: 
    select
        r1_0.menu_item_id,
        r1_0.id,
        r1_0.created_at,
        r1_0.ingredient_id,
        r1_0.quantity,
        r1_0.updated_at 
    from
        recipes r1_0 
    where
        r1_0.menu_item_id=?
Hibernate: 
    select
        i1_0.id,
        i1_0.created_at,
        i2_0.id,
        i2_0.created_at,
        i2_0.ingredient_id,
        i2_0.minimum_stock,
        i2_0.quantity,
        i2_0.updated_at,
        i1_0.name,
        i1_0.unit,
        i1_0.updated_at 
    from
        ingredients i1_0 
    left join
        inventory i2_0 
            on i1_0.id=i2_0.ingredient_id 
    where
        i1_0.id=?
Hibernate: 
    select
        r1_0.menu_item_id,
        r1_0.id,
        r1_0.created_at,
        r1_0.ingredient_id,
        r1_0.quantity,
        r1_0.updated_at 
    from
        recipes r1_0 
    where
        r1_0.menu_item_id=?
Hibernate: 
    select
        r1_0.menu_item_id,
        r1_0.id,
        r1_0.created_at,
        r1_0.ingredient_id,
        r1_0.quantity,
        r1_0.updated_at 
    from
        recipes r1_0 
    where
        r1_0.menu_item_id=?
Hibernate: 
    select
        i1_0.id,
        i1_0.created_at,
        i2_0.id,
        i2_0.created_at,
        i2_0.ingredient_id,
        i2_0.minimum_stock,
        i2_0.quantity,
        i2_0.updated_at,
        i1_0.name,
        i1_0.unit,
        i1_0.updated_at 
    from
        ingredients i1_0 
    left join
        inventory i2_0 
            on i1_0.id=i2_0.ingredient_id 
    where
        i1_0.id=?
Hibernate: 
    select
        r1_0.menu_item_id,
        r1_0.id,
        r1_0.created_at,
        r1_0.ingredient_id,
        r1_0.quantity,
        r1_0.updated_at 
    from
        recipes r1_0 
    where
        r1_0.menu_item_id=?
Hibernate: 
    select
        c1_0.id,
        c1_0.created_at,
        c1_0.description,
        c1_0.name,
        c1_0.updated_at 
    from
        categories c1_0 
    where
        c1_0.id=?
Hibernate: 
    select
        r1_0.menu_item_id,
        r1_0.id,
        r1_0.created_at,
        r1_0.ingredient_id,
        r1_0.quantity,
        r1_0.updated_at 
    from
        recipes r1_0 
    where
        r1_0.menu_item_id=?
Hibernate: 
    select
        r1_0.menu_item_id,
        r1_0.id,
        r1_0.created_at,
        r1_0.ingredient_id,
        r1_0.quantity,
        r1_0.updated_at 
    from
        recipes r1_0 
    where
        r1_0.menu_item_id=?
Hibernate: 
    select
        r1_0.menu_item_id,
        r1_0.id,
        r1_0.created_at,
        r1_0.ingredient_id,
        r1_0.quantity,
        r1_0.updated_at 
    from
        recipes r1_0 
    where
        r1_0.menu_item_id=?
Hibernate: 
    select
        r1_0.menu_item_id,
        r1_0.id,
        r1_0.created_at,
        r1_0.ingredient_id,
        r1_0.quantity,
        r1_0.updated_at 
    from
        recipes r1_0 
    where
        r1_0.menu_item_id=?
Hibernate: 
    select
        c1_0.id,
        c1_0.created_at,
        c1_0.description,
        c1_0.name,
        c1_0.updated_at 
    from
        categories c1_0 
    where
        c1_0.id=?
Hibernate: 
    select
        r1_0.menu_item_id,
        r1_0.id,
        r1_0.created_at,
        r1_0.ingredient_id,
        r1_0.quantity,
        r1_0.updated_at 
    from
        recipes r1_0 
    where
        r1_0.menu_item_id=?
Hibernate: 
    select
        r1_0.menu_item_id,
        r1_0.id,
        r1_0.created_at,
        r1_0.ingredient_id,
        r1_0.quantity,
        r1_0.updated_at 
    from
        recipes r1_0 
    where
        r1_0.menu_item_id=?
Hibernate: 
    select
        r1_0.menu_item_id,
        r1_0.id,
        r1_0.created_at,
        r1_0.ingredient_id,
        r1_0.quantity,
        r1_0.updated_at 
    from
        recipes r1_0 
    where
        r1_0.menu_item_id=?
Hibernate: 
    select
        r1_0.menu_item_id,
        r1_0.id,
        r1_0.created_at,
        r1_0.ingredient_id,
        r1_0.quantity,
        r1_0.updated_at 
    from
        recipes r1_0 
    where
        r1_0.menu_item_id=?
Hibernate: 
    select
        r1_0.menu_item_id,
        r1_0.id,
        r1_0.created_at,
        r1_0.ingredient_id,
        r1_0.quantity,
        r1_0.updated_at 
    from
        recipes r1_0 
    where
        r1_0.menu_item_id=?
Hibernate: 
    select
        r1_0.menu_item_id,
        r1_0.id,
        r1_0.created_at,
        r1_0.ingredient_id,
        r1_0.quantity,
        r1_0.updated_at 
    from
        recipes r1_0 
    where
        r1_0.menu_item_id=?
Hibernate: 
    select
        r1_0.menu_item_id,
        r1_0.id,
        r1_0.created_at,
        r1_0.ingredient_id,
        r1_0.quantity,
        r1_0.updated_at 
    from
        recipes r1_0 
    where
        r1_0.menu_item_id=?
Hibernate: 
    select
        c1_0.id,
        c1_0.created_at,
        c1_0.description,
        c1_0.name,
        c1_0.updated_at 
    from
        categories c1_0 
    where
        c1_0.id=?
Hibernate: 
    select
        r1_0.menu_item_id,
        r1_0.id,
        r1_0.created_at,
        r1_0.ingredient_id,
        r1_0.quantity,
        r1_0.updated_at 
    from
        recipes r1_0 
    where
        r1_0.menu_item_id=?
Hibernate: 
    select
        r1_0.menu_item_id,
        r1_0.id,
        r1_0.created_at,
        r1_0.ingredient_id,
        r1_0.quantity,
        r1_0.updated_at 
    from
        recipes r1_0 
    where
        r1_0.menu_item_id=?
Hibernate: 
    select
        r1_0.menu_item_id,
        r1_0.id,
        r1_0.created_at,
        r1_0.ingredient_id,
        r1_0.quantity,
        r1_0.updated_at 
    from
        recipes r1_0 
    where
        r1_0.menu_item_id=?
Hibernate: 
    select
        r1_0.menu_item_id,
        r1_0.id,
        r1_0.created_at,
        r1_0.ingredient_id,
        r1_0.quantity,
        r1_0.updated_at 
    from
        recipes r1_0 
    where
        r1_0.menu_item_id=?
Hibernate: 
    select
        i1_0.id,
        i1_0.created_at,
        i2_0.id,
        i2_0.created_at,
        i2_0.ingredient_id,
        i2_0.minimum_stock,
        i2_0.quantity,
        i2_0.updated_at,
        i1_0.name,
        i1_0.unit,
        i1_0.updated_at 
    from
        ingredients i1_0 
    left join
        inventory i2_0 
            on i1_0.id=i2_0.ingredient_id 
    where
        i1_0.id=?
Hibernate: 
    select
        r1_0.menu_item_id,
        r1_0.id,
        r1_0.created_at,
        r1_0.ingredient_id,
        r1_0.quantity,
        r1_0.updated_at 
    from
        recipes r1_0 
    where
        r1_0.menu_item_id=?
Hibernate: 
    select
        r1_0.menu_item_id,
        r1_0.id,
        r1_0.created_at,
        r1_0.ingredient_id,
        r1_0.quantity,
        r1_0.updated_at 
    from
        recipes r1_0 
    where
        r1_0.menu_item_id=?
Hibernate: 
    select
        i1_0.id,
        i1_0.created_at,
        i2_0.id,
        i2_0.created_at,
        i2_0.ingredient_id,
        i2_0.minimum_stock,
        i2_0.quantity,
        i2_0.updated_at,
        i1_0.name,
        i1_0.unit,
        i1_0.updated_at 
    from
        ingredients i1_0 
    left join
        inventory i2_0 
            on i1_0.id=i2_0.ingredient_id 
    where
        i1_0.id=?
Hibernate: 
    select
        r1_0.menu_item_id,
        r1_0.id,
        r1_0.created_at,
        r1_0.ingredient_id,
        r1_0.quantity,
        r1_0.updated_at 
    from
        recipes r1_0 
    where
        r1_0.menu_item_id=?
Hibernate: 
    select
        i1_0.id,
        i1_0.created_at,
        i2_0.id,
        i2_0.created_at,
        i2_0.ingredient_id,
        i2_0.minimum_stock,
        i2_0.quantity,
        i2_0.updated_at,
        i1_0.name,
        i1_0.unit,
        i1_0.updated_at 
    from
        ingredients i1_0 
    left join
        inventory i2_0 
            on i1_0.id=i2_0.ingredient_id 
    where
        i1_0.id=?
Hibernate: 
    select
        r1_0.menu_item_id,
        r1_0.id,
        r1_0.created_at,
        r1_0.ingredient_id,
        r1_0.quantity,
        r1_0.updated_at 
    from
        recipes r1_0 
    where
        r1_0.menu_item_id=?
Hibernate: 
    select
        c1_0.id,
        c1_0.created_at,
        c1_0.description,
        c1_0.name,
        c1_0.updated_at 
    from
        categories c1_0 
    where
        c1_0.id=?
Hibernate: 
    select
        r1_0.menu_item_id,
        r1_0.id,
        r1_0.created_at,
        r1_0.ingredient_id,
        r1_0.quantity,
        r1_0.updated_at 
    from
        recipes r1_0 
    where
        r1_0.menu_item_id=?
Hibernate: 
    select
        r1_0.menu_item_id,
        r1_0.id,
        r1_0.created_at,
        r1_0.ingredient_id,
        r1_0.quantity,
        r1_0.updated_at 
    from
        recipes r1_0 
    where
        r1_0.menu_item_id=?
Hibernate: 
    select
        r1_0.menu_item_id,
        r1_0.id,
        r1_0.created_at,
        r1_0.ingredient_id,
        r1_0.quantity,
        r1_0.updated_at 
    from
        recipes r1_0 
    where
        r1_0.menu_item_id=?
Hibernate: 
    select
        r1_0.menu_item_id,
        r1_0.id,
        r1_0.created_at,
        r1_0.ingredient_id,
        r1_0.quantity,
        r1_0.updated_at 
    from
        recipes r1_0 
    where
        r1_0.menu_item_id=?
Hibernate: 
    select
        c1_0.id,
        c1_0.created_at,
        c1_0.description,
        c1_0.name,
        c1_0.updated_at 
    from
        categories c1_0 
    where
        c1_0.id=?
Hibernate: 
    select
        r1_0.menu_item_id,
        r1_0.id,
        r1_0.created_at,
        r1_0.ingredient_id,
        r1_0.quantity,
        r1_0.updated_at 
    from
        recipes r1_0 
    where
        r1_0.menu_item_id=?
Hibernate: 
    select
        r1_0.menu_item_id,
        r1_0.id,
        r1_0.created_at,
        r1_0.ingredient_id,
        r1_0.quantity,
        r1_0.updated_at 
    from
        recipes r1_0 
    where
        r1_0.menu_item_id=?
Hibernate: 
    select
        i1_0.id,
        i1_0.created_at,
        i2_0.id,
        i2_0.created_at,
        i2_0.ingredient_id,
        i2_0.minimum_stock,
        i2_0.quantity,
        i2_0.updated_at,
        i1_0.name,
        i1_0.unit,
        i1_0.updated_at 
    from
        ingredients i1_0 
    left join
        inventory i2_0 
            on i1_0.id=i2_0.ingredient_id 
    where
        i1_0.id=?
Hibernate: 
    select
        i1_0.id,
        i1_0.created_at,
        i2_0.id,
        i2_0.created_at,
        i2_0.ingredient_id,
        i2_0.minimum_stock,
        i2_0.quantity,
        i2_0.updated_at,
        i1_0.name,
        i1_0.unit,
        i1_0.updated_at 
    from
        ingredients i1_0 
    left join
        inventory i2_0 
            on i1_0.id=i2_0.ingredient_id 
    where
        i1_0.id=?
Hibernate: 
    select
        r1_0.menu_item_id,
        r1_0.id,
        r1_0.created_at,
        r1_0.ingredient_id,
        r1_0.quantity,
        r1_0.updated_at 
    from
        recipes r1_0 
    where
        r1_0.menu_item_id=?
Hibernate: 
    select
        i1_0.id,
        i1_0.created_at,
        i2_0.id,
        i2_0.created_at,
        i2_0.ingredient_id,
        i2_0.minimum_stock,
        i2_0.quantity,
        i2_0.updated_at,
        i1_0.name,
        i1_0.unit,
        i1_0.updated_at 
    from
        ingredients i1_0 
    left join
        inventory i2_0 
            on i1_0.id=i2_0.ingredient_id 
    where
        i1_0.id=?
Hibernate: 
    select
        r1_0.menu_item_id,
        r1_0.id,
        r1_0.created_at,
        r1_0.ingredient_id,
        r1_0.quantity,
        r1_0.updated_at 
    from
        recipes r1_0 
    where
        r1_0.menu_item_id=?
Hibernate: 
    select
        r1_0.menu_item_id,
        r1_0.id,
        r1_0.created_at,
        r1_0.ingredient_id,
        r1_0.quantity,
        r1_0.updated_at 
    from
        recipes r1_0 
    where
        r1_0.menu_item_id=?
Hibernate: 
    select
        r1_0.menu_item_id,
        r1_0.id,
        r1_0.created_at,
        r1_0.ingredient_id,
        r1_0.quantity,
        r1_0.updated_at 
    from
        recipes r1_0 
    where
        r1_0.menu_item_id=?
Hibernate: 
    select
        c1_0.id,
        c1_0.created_at,
        c1_0.description,
        c1_0.name,
        c1_0.updated_at 
    from
        categories c1_0 
    where
        c1_0.id=?
Hibernate: 
    select
        r1_0.menu_item_id,
        r1_0.id,
        r1_0.created_at,
        r1_0.ingredient_id,
        r1_0.quantity,
        r1_0.updated_at 
    from
        recipes r1_0 
    where
        r1_0.menu_item_id=?
Hibernate: 
    select
        r1_0.menu_item_id,
        r1_0.id,
        r1_0.created_at,
        r1_0.ingredient_id,
        r1_0.quantity,
        r1_0.updated_at 
    from
        recipes r1_0 
    where
        r1_0.menu_item_id=?
Hibernate: 
    select
        r1_0.menu_item_id,
        r1_0.id,
        r1_0.created_at,
        r1_0.ingredient_id,
        r1_0.quantity,
        r1_0.updated_at 
    from
        recipes r1_0 
    where
        r1_0.menu_item_id=?
Hibernate: 
    select
        r1_0.menu_item_id,
        r1_0.id,
        r1_0.created_at,
        r1_0.ingredient_id,
        r1_0.quantity,
        r1_0.updated_at 
    from
        recipes r1_0 
    where
        r1_0.menu_item_id=?
Hibernate: 
    select
        r1_0.menu_item_id,
        r1_0.id,
        r1_0.created_at,
        r1_0.ingredient_id,
        r1_0.quantity,
        r1_0.updated_at 
    from
        recipes r1_0 
    where
        r1_0.menu_item_id=?
Hibernate: 
    select
        c1_0.id,
        c1_0.created_at,
        c1_0.description,
        c1_0.name,
        c1_0.updated_at 
    from
        categories c1_0 
    where
        c1_0.id=?
Hibernate: 
    select
        r1_0.menu_item_id,
        r1_0.id,
        r1_0.created_at,
        r1_0.ingredient_id,
        r1_0.quantity,
        r1_0.updated_at 
    from
        recipes r1_0 
    where
        r1_0.menu_item_id=?
Hibernate: 
    select
        r1_0.menu_item_id,
        r1_0.id,
        r1_0.created_at,
        r1_0.ingredient_id,
        r1_0.quantity,
        r1_0.updated_at 
    from
        recipes r1_0 
    where
        r1_0.menu_item_id=?
Hibernate: 
    select
        r1_0.menu_item_id,
        r1_0.id,
        r1_0.created_at,
        r1_0.ingredient_id,
        r1_0.quantity,
        r1_0.updated_at 
    from
        recipes r1_0 
    where
        r1_0.menu_item_id=?
Hibernate: 
    select
        r1_0.menu_item_id,
        r1_0.id,
        r1_0.created_at,
        r1_0.ingredient_id,
        r1_0.quantity,
        r1_0.updated_at 
    from
        recipes r1_0 
    where
        r1_0.menu_item_id=?
Hibernate: 
    select
        c1_0.id,
        c1_0.created_at,
        c1_0.description,
        c1_0.name,
        c1_0.updated_at 
    from
        categories c1_0 
    where
        c1_0.id=?
Hibernate: 
    select
        r1_0.menu_item_id,
        r1_0.id,
        r1_0.created_at,
        r1_0.ingredient_id,
        r1_0.quantity,
        r1_0.updated_at 
    from
        recipes r1_0 
    where
        r1_0.menu_item_id=?
Hibernate: 
    select
        r1_0.menu_item_id,
        r1_0.id,
        r1_0.created_at,
        r1_0.ingredient_id,
        r1_0.quantity,
        r1_0.updated_at 
    from
        recipes r1_0 
    where
        r1_0.menu_item_id=?
Hibernate: 
    select
        r1_0.menu_item_id,
        r1_0.id,
        r1_0.created_at,
        r1_0.ingredient_id,
        r1_0.quantity,
        r1_0.updated_at 
    from
        recipes r1_0 
    where
        r1_0.menu_item_id=?
Hibernate: 
    select
        r1_0.menu_item_id,
        r1_0.id,
        r1_0.created_at,
        r1_0.ingredient_id,
        r1_0.quantity,
        r1_0.updated_at 
    from
        recipes r1_0 
    where
        r1_0.menu_item_id=?
Hibernate: 
    select
        r1_0.menu_item_id,
        r1_0.id,
        r1_0.created_at,
        r1_0.ingredient_id,
        r1_0.quantity,
        r1_0.updated_at 
    from
        recipes r1_0 
    where
        r1_0.menu_item_id=?
Hibernate: 
    select
        r1_0.menu_item_id,
        r1_0.id,
        r1_0.created_at,
        r1_0.ingredient_id,
        r1_0.quantity,
        r1_0.updated_at 
    from
        recipes r1_0 
    where
        r1_0.menu_item_id=?
Hibernate: 
    select
        r1_0.menu_item_id,
        r1_0.id,
        r1_0.created_at,
        r1_0.ingredient_id,
        r1_0.quantity,
        r1_0.updated_at 
    from
        recipes r1_0 
    where
        r1_0.menu_item_id=?
Hibernate: 
    select
        r1_0.menu_item_id,
        r1_0.id,
        r1_0.created_at,
        r1_0.ingredient_id,
        r1_0.quantity,
        r1_0.updated_at 
    from
        recipes r1_0 
    where
        r1_0.menu_item_id=?
Hibernate: 
    select
        r1_0.menu_item_id,
        r1_0.id,
        r1_0.created_at,
        r1_0.ingredient_id,
        r1_0.quantity,
        r1_0.updated_at 
    from
        recipes r1_0 
    where
        r1_0.menu_item_id=?
Hibernate: 
    select
        r1_0.menu_item_id,
        r1_0.id,
        r1_0.created_at,
        r1_0.ingredient_id,
        r1_0.quantity,
        r1_0.updated_at 
    from
        recipes r1_0 
    where
        r1_0.menu_item_id=?
Hibernate: 
    select
        r1_0.menu_item_id,
        r1_0.id,
        r1_0.created_at,
        r1_0.ingredient_id,
        r1_0.quantity,
        r1_0.updated_at 
    from
        recipes r1_0 
    where
        r1_0.menu_item_id=?
Hibernate: 
    select
        r1_0.menu_item_id,
        r1_0.id,
        r1_0.created_at,
        r1_0.ingredient_id,
        r1_0.quantity,
        r1_0.updated_at 
    from
        recipes r1_0 
    where
        r1_0.menu_item_id=?
Hibernate: 
    select
        r1_0.menu_item_id,
        r1_0.id,
        r1_0.created_at,
        r1_0.ingredient_id,
        r1_0.quantity,
        r1_0.updated_at 
    from
        recipes r1_0 
    where
        r1_0.menu_item_id=?
Hibernate: 
    select
        u1_0.id,
        u1_0.active,
        u1_0.created_at,
        u1_0.email,
        u1_0.full_name,
        u1_0.password,
        u1_0.phone,
        u1_0.role_id,
        u1_0.updated_at,
        u1_0.username 
    from
        users u1_0 
    where
        u1_0.username=?
Hibernate: 
    select
        r1_0.id,
        r1_0.created_at,
        r1_0.description,
        r1_0.name,
        r1_0.updated_at 
    from
        roles r1_0 
    where
        r1_0.id=?
Hibernate: 
    select
        mi1_0.id,
        mi1_0.available,
        mi1_0.badge_best_seller,
        mi1_0.badge_new,
        mi1_0.category_id,
        mi1_0.created_at,
        mi1_0.description,
        mi1_0.drink,
        mi1_0.drink_sizes_json,
        mi1_0.drink_toppings_json,
        mi1_0.image_url,
        mi1_0.name,
        mi1_0.price,
        mi1_0.updated_at 
    from
        menu_items mi1_0
Hibernate: 
    select
        c1_0.id,
        c1_0.created_at,
        c1_0.description,
        c1_0.name,
        c1_0.updated_at 
    from
        categories c1_0 
    where
        c1_0.id=?
Hibernate: 
    select
        r1_0.menu_item_id,
        r1_0.id,
        r1_0.created_at,
        r1_0.ingredient_id,
        r1_0.quantity,
        r1_0.updated_at 
    from
        recipes r1_0 
    where
        r1_0.menu_item_id=?
Hibernate: 
    select
        i1_0.id,
        i1_0.created_at,
        i2_0.id,
        i2_0.created_at,
        i2_0.ingredient_id,
        i2_0.minimum_stock,
        i2_0.quantity,
        i2_0.updated_at,
        i1_0.name,
        i1_0.unit,
        i1_0.updated_at 
    from
        ingredients i1_0 
    left join
        inventory i2_0 
            on i1_0.id=i2_0.ingredient_id 
    where
        i1_0.id=?
Hibernate: 
    select
        i1_0.id,
        i1_0.created_at,
        i2_0.id,
        i2_0.created_at,
        i2_0.ingredient_id,
        i2_0.minimum_stock,
        i2_0.quantity,
        i2_0.updated_at,
        i1_0.name,
        i1_0.unit,
        i1_0.updated_at 
    from
        ingredients i1_0 
    left join
        inventory i2_0 
            on i1_0.id=i2_0.ingredient_id 
    where
        i1_0.id=?
Hibernate: 
    select
        i1_0.id,
        i1_0.created_at,
        i2_0.id,
        i2_0.created_at,
        i2_0.ingredient_id,
        i2_0.minimum_stock,
        i2_0.quantity,
        i2_0.updated_at,
        i1_0.name,
        i1_0.unit,
        i1_0.updated_at 
    from
        ingredients i1_0 
    left join
        inventory i2_0 
            on i1_0.id=i2_0.ingredient_id 
    where
        i1_0.id=?
Hibernate: 
    select
        r1_0.menu_item_id,
        r1_0.id,
        r1_0.created_at,
        r1_0.ingredient_id,
        r1_0.quantity,
        r1_0.updated_at 
    from
        recipes r1_0 
    where
        r1_0.menu_item_id=?
Hibernate: 
    select
        i1_0.id,
        i1_0.created_at,
        i2_0.id,
        i2_0.created_at,
        i2_0.ingredient_id,
        i2_0.minimum_stock,
        i2_0.quantity,
        i2_0.updated_at,
        i1_0.name,
        i1_0.unit,
        i1_0.updated_at 
    from
        ingredients i1_0 
    left join
        inventory i2_0 
            on i1_0.id=i2_0.ingredient_id 
    where
        i1_0.id=?
Hibernate: 
    select
        r1_0.menu_item_id,
        r1_0.id,
        r1_0.created_at,
        r1_0.ingredient_id,
        r1_0.quantity,
        r1_0.updated_at 
    from
        recipes r1_0 
    where
        r1_0.menu_item_id=?
Hibernate: 
    select
        i1_0.id,
        i1_0.created_at,
        i2_0.id,
        i2_0.created_at,
        i2_0.ingredient_id,
        i2_0.minimum_stock,
        i2_0.quantity,
        i2_0.updated_at,
        i1_0.name,
        i1_0.unit,
        i1_0.updated_at 
    from
        ingredients i1_0 
    left join
        inventory i2_0 
            on i1_0.id=i2_0.ingredient_id 
    where
        i1_0.id=?
Hibernate: 
    select
        r1_0.menu_item_id,
        r1_0.id,
        r1_0.created_at,
        r1_0.ingredient_id,
        r1_0.quantity,
        r1_0.updated_at 
    from
        recipes r1_0 
    where
        r1_0.menu_item_id=?
Hibernate: 
    select
        r1_0.menu_item_id,
        r1_0.id,
        r1_0.created_at,
        r1_0.ingredient_id,
        r1_0.quantity,
        r1_0.updated_at 
    from
        recipes r1_0 
    where
        r1_0.menu_item_id=?
Hibernate: 
    select
        r1_0.menu_item_id,
        r1_0.id,
        r1_0.created_at,
        r1_0.ingredient_id,
        r1_0.quantity,
        r1_0.updated_at 
    from
        recipes r1_0 
    where
        r1_0.menu_item_id=?
Hibernate: 
    select
        i1_0.id,
        i1_0.created_at,
        i2_0.id,
        i2_0.created_at,
        i2_0.ingredient_id,
        i2_0.minimum_stock,
        i2_0.quantity,
        i2_0.updated_at,
        i1_0.name,
        i1_0.unit,
        i1_0.updated_at 
    from
        ingredients i1_0 
    left join
        inventory i2_0 
            on i1_0.id=i2_0.ingredient_id 
    where
        i1_0.id=?
Hibernate: 
    select
        r1_0.menu_item_id,
        r1_0.id,
        r1_0.created_at,
        r1_0.ingredient_id,
        r1_0.quantity,
        r1_0.updated_at 
    from
        recipes r1_0 
    where
        r1_0.menu_item_id=?
Hibernate: 
    select
        r1_0.menu_item_id,
        r1_0.id,
        r1_0.created_at,
        r1_0.ingredient_id,
        r1_0.quantity,
        r1_0.updated_at 
    from
        recipes r1_0 
    where
        r1_0.menu_item_id=?
Hibernate: 
    select
        i1_0.id,
        i1_0.created_at,
        i2_0.id,
        i2_0.created_at,
        i2_0.ingredient_id,
        i2_0.minimum_stock,
        i2_0.quantity,
        i2_0.updated_at,
        i1_0.name,
        i1_0.unit,
        i1_0.updated_at 
    from
        ingredients i1_0 
    left join
        inventory i2_0 
            on i1_0.id=i2_0.ingredient_id 
    where
        i1_0.id=?
Hibernate: 
    select
        r1_0.menu_item_id,
        r1_0.id,
        r1_0.created_at,
        r1_0.ingredient_id,
        r1_0.quantity,
        r1_0.updated_at 
    from
        recipes r1_0 
    where
        r1_0.menu_item_id=?
Hibernate: 
    select
        i1_0.id,
        i1_0.created_at,
        i2_0.id,
        i2_0.created_at,
        i2_0.ingredient_id,
        i2_0.minimum_stock,
        i2_0.quantity,
        i2_0.updated_at,
        i1_0.name,
        i1_0.unit,
        i1_0.updated_at 
    from
        ingredients i1_0 
    left join
        inventory i2_0 
            on i1_0.id=i2_0.ingredient_id 
    where
        i1_0.id=?
Hibernate: 
    select
        c1_0.id,
        c1_0.created_at,
        c1_0.description,
        c1_0.name,
        c1_0.updated_at 
    from
        categories c1_0 
    where
        c1_0.id=?
Hibernate: 
    select
        r1_0.menu_item_id,
        r1_0.id,
        r1_0.created_at,
        r1_0.ingredient_id,
        r1_0.quantity,
        r1_0.updated_at 
    from
        recipes r1_0 
    where
        r1_0.menu_item_id=?
Hibernate: 
    select
        i1_0.id,
        i1_0.created_at,
        i2_0.id,
        i2_0.created_at,
        i2_0.ingredient_id,
        i2_0.minimum_stock,
        i2_0.quantity,
        i2_0.updated_at,
        i1_0.name,
        i1_0.unit,
        i1_0.updated_at 
    from
        ingredients i1_0 
    left join
        inventory i2_0 
            on i1_0.id=i2_0.ingredient_id 
    where
        i1_0.id=?
Hibernate: 
    select
        r1_0.menu_item_id,
        r1_0.id,
        r1_0.created_at,
        r1_0.ingredient_id,
        r1_0.quantity,
        r1_0.updated_at 
    from
        recipes r1_0 
    where
        r1_0.menu_item_id=?
Hibernate: 
    select
        i1_0.id,
        i1_0.created_at,
        i2_0.id,
        i2_0.created_at,
        i2_0.ingredient_id,
        i2_0.minimum_stock,
        i2_0.quantity,
        i2_0.updated_at,
        i1_0.name,
        i1_0.unit,
        i1_0.updated_at 
    from
        ingredients i1_0 
    left join
        inventory i2_0 
            on i1_0.id=i2_0.ingredient_id 
    where
        i1_0.id=?
Hibernate: 
    select
        r1_0.menu_item_id,
        r1_0.id,
        r1_0.created_at,
        r1_0.ingredient_id,
        r1_0.quantity,
        r1_0.updated_at 
    from
        recipes r1_0 
    where
        r1_0.menu_item_id=?
Hibernate: 
    select
        r1_0.menu_item_id,
        r1_0.id,
        r1_0.created_at,
        r1_0.ingredient_id,
        r1_0.quantity,
        r1_0.updated_at 
    from
        recipes r1_0 
    where
        r1_0.menu_item_id=?
Hibernate: 
    select
        c1_0.id,
        c1_0.created_at,
        c1_0.description,
        c1_0.name,
        c1_0.updated_at 
    from
        categories c1_0 
    where
        c1_0.id=?
Hibernate: 
    select
        r1_0.menu_item_id,
        r1_0.id,
        r1_0.created_at,
        r1_0.ingredient_id,
        r1_0.quantity,
        r1_0.updated_at 
    from
        recipes r1_0 
    where
        r1_0.menu_item_id=?
Hibernate: 
    select
        i1_0.id,
        i1_0.created_at,
        i2_0.id,
        i2_0.created_at,
        i2_0.ingredient_id,
        i2_0.minimum_stock,
        i2_0.quantity,
        i2_0.updated_at,
        i1_0.name,
        i1_0.unit,
        i1_0.updated_at 
    from
        ingredients i1_0 
    left join
        inventory i2_0 
            on i1_0.id=i2_0.ingredient_id 
    where
        i1_0.id=?
Hibernate: 
    select
        r1_0.menu_item_id,
        r1_0.id,
        r1_0.created_at,
        r1_0.ingredient_id,
        r1_0.quantity,
        r1_0.updated_at 
    from
        recipes r1_0 
    where
        r1_0.menu_item_id=?
Hibernate: 
    select
        r1_0.menu_item_id,
        r1_0.id,
        r1_0.created_at,
        r1_0.ingredient_id,
        r1_0.quantity,
        r1_0.updated_at 
    from
        recipes r1_0 
    where
        r1_0.menu_item_id=?
Hibernate: 
    select
        i1_0.id,
        i1_0.created_at,
        i2_0.id,
        i2_0.created_at,
        i2_0.ingredient_id,
        i2_0.minimum_stock,
        i2_0.quantity,
        i2_0.updated_at,
        i1_0.name,
        i1_0.unit,
        i1_0.updated_at 
    from
        ingredients i1_0 
    left join
        inventory i2_0 
            on i1_0.id=i2_0.ingredient_id 
    where
        i1_0.id=?
Hibernate: 
    select
        r1_0.menu_item_id,
        r1_0.id,
        r1_0.created_at,
        r1_0.ingredient_id,
        r1_0.quantity,
        r1_0.updated_at 
    from
        recipes r1_0 
    where
        r1_0.menu_item_id=?
Hibernate: 
    select
        r1_0.menu_item_id,
        r1_0.id,
        r1_0.created_at,
        r1_0.ingredient_id,
        r1_0.quantity,
        r1_0.updated_at 
    from
        recipes r1_0 
    where
        r1_0.menu_item_id=?
Hibernate: 
    select
        i1_0.id,
        i1_0.created_at,
        i2_0.id,
        i2_0.created_at,
        i2_0.ingredient_id,
        i2_0.minimum_stock,
        i2_0.quantity,
        i2_0.updated_at,
        i1_0.name,
        i1_0.unit,
        i1_0.updated_at 
    from
        ingredients i1_0 
    left join
        inventory i2_0 
            on i1_0.id=i2_0.ingredient_id 
    where
        i1_0.id=?
Hibernate: 
    select
        r1_0.menu_item_id,
        r1_0.id,
        r1_0.created_at,
        r1_0.ingredient_id,
        r1_0.quantity,
        r1_0.updated_at 
    from
        recipes r1_0 
    where
        r1_0.menu_item_id=?
Hibernate: 
    select
        i1_0.id,
        i1_0.created_at,
        i2_0.id,
        i2_0.created_at,
        i2_0.ingredient_id,
        i2_0.minimum_stock,
        i2_0.quantity,
        i2_0.updated_at,
        i1_0.name,
        i1_0.unit,
        i1_0.updated_at 
    from
        ingredients i1_0 
    left join
        inventory i2_0 
            on i1_0.id=i2_0.ingredient_id 
    where
        i1_0.id=?
Hibernate: 
    select
        r1_0.menu_item_id,
        r1_0.id,
        r1_0.created_at,
        r1_0.ingredient_id,
        r1_0.quantity,
        r1_0.updated_at 
    from
        recipes r1_0 
    where
        r1_0.menu_item_id=?
Hibernate: 
    select
        i1_0.id,
        i1_0.created_at,
        i2_0.id,
        i2_0.created_at,
        i2_0.ingredient_id,
        i2_0.minimum_stock,
        i2_0.quantity,
        i2_0.updated_at,
        i1_0.name,
        i1_0.unit,
        i1_0.updated_at 
    from
        ingredients i1_0 
    left join
        inventory i2_0 
            on i1_0.id=i2_0.ingredient_id 
    where
        i1_0.id=?
Hibernate: 
    select
        r1_0.menu_item_id,
        r1_0.id,
        r1_0.created_at,
        r1_0.ingredient_id,
        r1_0.quantity,
        r1_0.updated_at 
    from
        recipes r1_0 
    where
        r1_0.menu_item_id=?
Hibernate: 
    select
        i1_0.id,
        i1_0.created_at,
        i2_0.id,
        i2_0.created_at,
        i2_0.ingredient_id,
        i2_0.minimum_stock,
        i2_0.quantity,
        i2_0.updated_at,
        i1_0.name,
        i1_0.unit,
        i1_0.updated_at 
    from
        ingredients i1_0 
    left join
        inventory i2_0 
            on i1_0.id=i2_0.ingredient_id 
    where
        i1_0.id=?
Hibernate: 
    select
        r1_0.menu_item_id,
        r1_0.id,
        r1_0.created_at,
        r1_0.ingredient_id,
        r1_0.quantity,
        r1_0.updated_at 
    from
        recipes r1_0 
    where
        r1_0.menu_item_id=?
Hibernate: 
    select
        r1_0.menu_item_id,
        r1_0.id,
        r1_0.created_at,
        r1_0.ingredient_id,
        r1_0.quantity,
        r1_0.updated_at 
    from
        recipes r1_0 
    where
        r1_0.menu_item_id=?
Hibernate: 
    select
        r1_0.menu_item_id,
        r1_0.id,
        r1_0.created_at,
        r1_0.ingredient_id,
        r1_0.quantity,
        r1_0.updated_at 
    from
        recipes r1_0 
    where
        r1_0.menu_item_id=?
Hibernate: 
    select
        r1_0.menu_item_id,
        r1_0.id,
        r1_0.created_at,
        r1_0.ingredient_id,
        r1_0.quantity,
        r1_0.updated_at 
    from
        recipes r1_0 
    where
        r1_0.menu_item_id=?
Hibernate: 
    select
        r1_0.menu_item_id,
        r1_0.id,
        r1_0.created_at,
        r1_0.ingredient_id,
        r1_0.quantity,
        r1_0.updated_at 
    from
        recipes r1_0 
    where
        r1_0.menu_item_id=?
Hibernate: 
    select
        i1_0.id,
        i1_0.created_at,
        i2_0.id,
        i2_0.created_at,
        i2_0.ingredient_id,
        i2_0.minimum_stock,
        i2_0.quantity,
        i2_0.updated_at,
        i1_0.name,
        i1_0.unit,
        i1_0.updated_at 
    from
        ingredients i1_0 
    left join
        inventory i2_0 
            on i1_0.id=i2_0.ingredient_id 
    where
        i1_0.id=?
Hibernate: 
    select
        c1_0.id,
        c1_0.created_at,
        c1_0.description,
        c1_0.name,
        c1_0.updated_at 
    from
        categories c1_0 
    where
        c1_0.id=?
Hibernate: 
    select
        r1_0.menu_item_id,
        r1_0.id,
        r1_0.created_at,
        r1_0.ingredient_id,
        r1_0.quantity,
        r1_0.updated_at 
    from
        recipes r1_0 
    where
        r1_0.menu_item_id=?
Hibernate: 
    select
        r1_0.menu_item_id,
        r1_0.id,
        r1_0.created_at,
        r1_0.ingredient_id,
        r1_0.quantity,
        r1_0.updated_at 
    from
        recipes r1_0 
    where
        r1_0.menu_item_id=?
Hibernate: 
    select
        r1_0.menu_item_id,
        r1_0.id,
        r1_0.created_at,
        r1_0.ingredient_id,
        r1_0.quantity,
        r1_0.updated_at 
    from
        recipes r1_0 
    where
        r1_0.menu_item_id=?
Hibernate: 
    select
        r1_0.menu_item_id,
        r1_0.id,
        r1_0.created_at,
        r1_0.ingredient_id,
        r1_0.quantity,
        r1_0.updated_at 
    from
        recipes r1_0 
    where
        r1_0.menu_item_id=?
Hibernate: 
    select
        r1_0.menu_item_id,
        r1_0.id,
        r1_0.created_at,
        r1_0.ingredient_id,
        r1_0.quantity,
        r1_0.updated_at 
    from
        recipes r1_0 
    where
        r1_0.menu_item_id=?
Hibernate: 
    select
        i1_0.id,
        i1_0.created_at,
        i2_0.id,
        i2_0.created_at,
        i2_0.ingredient_id,
        i2_0.minimum_stock,
        i2_0.quantity,
        i2_0.updated_at,
        i1_0.name,
        i1_0.unit,
        i1_0.updated_at 
    from
        ingredients i1_0 
    left join
        inventory i2_0 
            on i1_0.id=i2_0.ingredient_id 
    where
        i1_0.id=?
Hibernate: 
    select
        c1_0.id,
        c1_0.created_at,
        c1_0.description,
        c1_0.name,
        c1_0.updated_at 
    from
        categories c1_0 
    where
        c1_0.id=?
Hibernate: 
    select
        r1_0.menu_item_id,
        r1_0.id,
        r1_0.created_at,
        r1_0.ingredient_id,
        r1_0.quantity,
        r1_0.updated_at 
    from
        recipes r1_0 
    where
        r1_0.menu_item_id=?
Hibernate: 
    select
        r1_0.menu_item_id,
        r1_0.id,
        r1_0.created_at,
        r1_0.ingredient_id,
        r1_0.quantity,
        r1_0.updated_at 
    from
        recipes r1_0 
    where
        r1_0.menu_item_id=?
Hibernate: 
    select
        r1_0.menu_item_id,
        r1_0.id,
        r1_0.created_at,
        r1_0.ingredient_id,
        r1_0.quantity,
        r1_0.updated_at 
    from
        recipes r1_0 
    where
        r1_0.menu_item_id=?
Hibernate: 
    select
        r1_0.menu_item_id,
        r1_0.id,
        r1_0.created_at,
        r1_0.ingredient_id,
        r1_0.quantity,
        r1_0.updated_at 
    from
        recipes r1_0 
    where
        r1_0.menu_item_id=?
Hibernate: 
    select
        i1_0.id,
        i1_0.created_at,
        i2_0.id,
        i2_0.created_at,
        i2_0.ingredient_id,
        i2_0.minimum_stock,
        i2_0.quantity,
        i2_0.updated_at,
        i1_0.name,
        i1_0.unit,
        i1_0.updated_at 
    from
        ingredients i1_0 
    left join
        inventory i2_0 
            on i1_0.id=i2_0.ingredient_id 
    where
        i1_0.id=?
Hibernate: 
    select
        r1_0.menu_item_id,
        r1_0.id,
        r1_0.created_at,
        r1_0.ingredient_id,
        r1_0.quantity,
        r1_0.updated_at 
    from
        recipes r1_0 
    where
        r1_0.menu_item_id=?
Hibernate: 
    select
        r1_0.menu_item_id,
        r1_0.id,
        r1_0.created_at,
        r1_0.ingredient_id,
        r1_0.quantity,
        r1_0.updated_at 
    from
        recipes r1_0 
    where
        r1_0.menu_item_id=?
Hibernate: 
    select
        r1_0.menu_item_id,
        r1_0.id,
        r1_0.created_at,
        r1_0.ingredient_id,
        r1_0.quantity,
        r1_0.updated_at 
    from
        recipes r1_0 
    where
        r1_0.menu_item_id=?
Hibernate: 
    select
        r1_0.menu_item_id,
        r1_0.id,
        r1_0.created_at,
        r1_0.ingredient_id,
        r1_0.quantity,
        r1_0.updated_at 
    from
        recipes r1_0 
    where
        r1_0.menu_item_id=?
Hibernate: 
    select
        i1_0.id,
        i1_0.created_at,
        i2_0.id,
        i2_0.created_at,
        i2_0.ingredient_id,
        i2_0.minimum_stock,
        i2_0.quantity,
        i2_0.updated_at,
        i1_0.name,
        i1_0.unit,
        i1_0.updated_at 
    from
        ingredients i1_0 
    left join
        inventory i2_0 
            on i1_0.id=i2_0.ingredient_id 
    where
        i1_0.id=?
Hibernate: 
    select
        c1_0.id,
        c1_0.created_at,
        c1_0.description,
        c1_0.name,
        c1_0.updated_at 
    from
        categories c1_0 
    where
        c1_0.id=?
Hibernate: 
    select
        r1_0.menu_item_id,
        r1_0.id,
        r1_0.created_at,
        r1_0.ingredient_id,
        r1_0.quantity,
        r1_0.updated_at 
    from
        recipes r1_0 
    where
        r1_0.menu_item_id=?
Hibernate: 
    select
        r1_0.menu_item_id,
        r1_0.id,
        r1_0.created_at,
        r1_0.ingredient_id,
        r1_0.quantity,
        r1_0.updated_at 
    from
        recipes r1_0 
    where
        r1_0.menu_item_id=?
Hibernate: 
    select
        i1_0.id,
        i1_0.created_at,
        i2_0.id,
        i2_0.created_at,
        i2_0.ingredient_id,
        i2_0.minimum_stock,
        i2_0.quantity,
        i2_0.updated_at,
        i1_0.name,
        i1_0.unit,
        i1_0.updated_at 
    from
        ingredients i1_0 
    left join
        inventory i2_0 
            on i1_0.id=i2_0.ingredient_id 
    where
        i1_0.id=?
Hibernate: 
    select
        r1_0.menu_item_id,
        r1_0.id,
        r1_0.created_at,
        r1_0.ingredient_id,
        r1_0.quantity,
        r1_0.updated_at 
    from
        recipes r1_0 
    where
        r1_0.menu_item_id=?
Hibernate: 
    select
        i1_0.id,
        i1_0.created_at,
        i2_0.id,
        i2_0.created_at,
        i2_0.ingredient_id,
        i2_0.minimum_stock,
        i2_0.quantity,
        i2_0.updated_at,
        i1_0.name,
        i1_0.unit,
        i1_0.updated_at 
    from
        ingredients i1_0 
    left join
        inventory i2_0 
            on i1_0.id=i2_0.ingredient_id 
    where
        i1_0.id=?
Hibernate: 
    select
        r1_0.menu_item_id,
        r1_0.id,
        r1_0.created_at,
        r1_0.ingredient_id,
        r1_0.quantity,
        r1_0.updated_at 
    from
        recipes r1_0 
    where
        r1_0.menu_item_id=?
Hibernate: 
    select
        i1_0.id,
        i1_0.created_at,
        i2_0.id,
        i2_0.created_at,
        i2_0.ingredient_id,
        i2_0.minimum_stock,
        i2_0.quantity,
        i2_0.updated_at,
        i1_0.name,
        i1_0.unit,
        i1_0.updated_at 
    from
        ingredients i1_0 
    left join
        inventory i2_0 
            on i1_0.id=i2_0.ingredient_id 
    where
        i1_0.id=?
Hibernate: 
    select
        r1_0.menu_item_id,
        r1_0.id,
        r1_0.created_at,
        r1_0.ingredient_id,
        r1_0.quantity,
        r1_0.updated_at 
    from
        recipes r1_0 
    where
        r1_0.menu_item_id=?
Hibernate: 
    select
        r1_0.menu_item_id,
        r1_0.id,
        r1_0.created_at,
        r1_0.ingredient_id,
        r1_0.quantity,
        r1_0.updated_at 
    from
        recipes r1_0 
    where
        r1_0.menu_item_id=?
Hibernate: 
    select
        i1_0.id,
        i1_0.created_at,
        i2_0.id,
        i2_0.created_at,
        i2_0.ingredient_id,
        i2_0.minimum_stock,
        i2_0.quantity,
        i2_0.updated_at,
        i1_0.name,
        i1_0.unit,
        i1_0.updated_at 
    from
        ingredients i1_0 
    left join
        inventory i2_0 
            on i1_0.id=i2_0.ingredient_id 
    where
        i1_0.id=?
Hibernate: 
    select
        r1_0.menu_item_id,
        r1_0.id,
        r1_0.created_at,
        r1_0.ingredient_id,
        r1_0.quantity,
        r1_0.updated_at 
    from
        recipes r1_0 
    where
        r1_0.menu_item_id=?
Hibernate: 
    select
        c1_0.id,
        c1_0.created_at,
        c1_0.description,
        c1_0.name,
        c1_0.updated_at 
    from
        categories c1_0 
    where
        c1_0.id=?
Hibernate: 
    select
        r1_0.menu_item_id,
        r1_0.id,
        r1_0.created_at,
        r1_0.ingredient_id,
        r1_0.quantity,
        r1_0.updated_at 
    from
        recipes r1_0 
    where
        r1_0.menu_item_id=?
Hibernate: 
    select
        r1_0.menu_item_id,
        r1_0.id,
        r1_0.created_at,
        r1_0.ingredient_id,
        r1_0.quantity,
        r1_0.updated_at 
    from
        recipes r1_0 
    where
        r1_0.menu_item_id=?
Hibernate: 
    select
        r1_0.menu_item_id,
        r1_0.id,
        r1_0.created_at,
        r1_0.ingredient_id,
        r1_0.quantity,
        r1_0.updated_at 
    from
        recipes r1_0 
    where
        r1_0.menu_item_id=?
Hibernate: 
    select
        r1_0.menu_item_id,
        r1_0.id,
        r1_0.created_at,
        r1_0.ingredient_id,
        r1_0.quantity,
        r1_0.updated_at 
    from
        recipes r1_0 
    where
        r1_0.menu_item_id=?
Hibernate: 
    select
        c1_0.id,
        c1_0.created_at,
        c1_0.description,
        c1_0.name,
        c1_0.updated_at 
    from
        categories c1_0 
    where
        c1_0.id=?
Hibernate: 
    select
        r1_0.menu_item_id,
        r1_0.id,
        r1_0.created_at,
        r1_0.ingredient_id,
        r1_0.quantity,
        r1_0.updated_at 
    from
        recipes r1_0 
    where
        r1_0.menu_item_id=?
Hibernate: 
    select
        r1_0.menu_item_id,
        r1_0.id,
        r1_0.created_at,
        r1_0.ingredient_id,
        r1_0.quantity,
        r1_0.updated_at 
    from
        recipes r1_0 
    where
        r1_0.menu_item_id=?
Hibernate: 
    select
        r1_0.menu_item_id,
        r1_0.id,
        r1_0.created_at,
        r1_0.ingredient_id,
        r1_0.quantity,
        r1_0.updated_at 
    from
        recipes r1_0 
    where
        r1_0.menu_item_id=?
Hibernate: 
    select
        r1_0.menu_item_id,
        r1_0.id,
        r1_0.created_at,
        r1_0.ingredient_id,
        r1_0.quantity,
        r1_0.updated_at 
    from
        recipes r1_0 
    where
        r1_0.menu_item_id=?
Hibernate: 
    select
        r1_0.menu_item_id,
        r1_0.id,
        r1_0.created_at,
        r1_0.ingredient_id,
        r1_0.quantity,
        r1_0.updated_at 
    from
        recipes r1_0 
    where
        r1_0.menu_item_id=?
Hibernate: 
    select
        r1_0.menu_item_id,
        r1_0.id,
        r1_0.created_at,
        r1_0.ingredient_id,
        r1_0.quantity,
        r1_0.updated_at 
    from
        recipes r1_0 
    where
        r1_0.menu_item_id=?
Hibernate: 
    select
        r1_0.menu_item_id,
        r1_0.id,
        r1_0.created_at,
        r1_0.ingredient_id,
        r1_0.quantity,
        r1_0.updated_at 
    from
        recipes r1_0 
    where
        r1_0.menu_item_id=?
Hibernate: 
    select
        c1_0.id,
        c1_0.created_at,
        c1_0.description,
        c1_0.name,
        c1_0.updated_at 
    from
        categories c1_0 
    where
        c1_0.id=?
Hibernate: 
    select
        r1_0.menu_item_id,
        r1_0.id,
        r1_0.created_at,
        r1_0.ingredient_id,
        r1_0.quantity,
        r1_0.updated_at 
    from
        recipes r1_0 
    where
        r1_0.menu_item_id=?
Hibernate: 
    select
        r1_0.menu_item_id,
        r1_0.id,
        r1_0.created_at,
        r1_0.ingredient_id,
        r1_0.quantity,
        r1_0.updated_at 
    from
        recipes r1_0 
    where
        r1_0.menu_item_id=?
Hibernate: 
    select
        r1_0.menu_item_id,
        r1_0.id,
        r1_0.created_at,
        r1_0.ingredient_id,
        r1_0.quantity,
        r1_0.updated_at 
    from
        recipes r1_0 
    where
        r1_0.menu_item_id=?
Hibernate: 
    select
        r1_0.menu_item_id,
        r1_0.id,
        r1_0.created_at,
        r1_0.ingredient_id,
        r1_0.quantity,
        r1_0.updated_at 
    from
        recipes r1_0 
    where
        r1_0.menu_item_id=?
Hibernate: 
    select
        i1_0.id,
        i1_0.created_at,
        i2_0.id,
        i2_0.created_at,
        i2_0.ingredient_id,
        i2_0.minimum_stock,
        i2_0.quantity,
        i2_0.updated_at,
        i1_0.name,
        i1_0.unit,
        i1_0.updated_at 
    from
        ingredients i1_0 
    left join
        inventory i2_0 
            on i1_0.id=i2_0.ingredient_id 
    where
        i1_0.id=?
Hibernate: 
    select
        r1_0.menu_item_id,
        r1_0.id,
        r1_0.created_at,
        r1_0.ingredient_id,
        r1_0.quantity,
        r1_0.updated_at 
    from
        recipes r1_0 
    where
        r1_0.menu_item_id=?
Hibernate: 
    select
        r1_0.menu_item_id,
        r1_0.id,
        r1_0.created_at,
        r1_0.ingredient_id,
        r1_0.quantity,
        r1_0.updated_at 
    from
        recipes r1_0 
    where
        r1_0.menu_item_id=?
Hibernate: 
    select
        i1_0.id,
        i1_0.created_at,
        i2_0.id,
        i2_0.created_at,
        i2_0.ingredient_id,
        i2_0.minimum_stock,
        i2_0.quantity,
        i2_0.updated_at,
        i1_0.name,
        i1_0.unit,
        i1_0.updated_at 
    from
        ingredients i1_0 
    left join
        inventory i2_0 
            on i1_0.id=i2_0.ingredient_id 
    where
        i1_0.id=?
Hibernate: 
    select
        r1_0.menu_item_id,
        r1_0.id,
        r1_0.created_at,
        r1_0.ingredient_id,
        r1_0.quantity,
        r1_0.updated_at 
    from
        recipes r1_0 
    where
        r1_0.menu_item_id=?
Hibernate: 
    select
        i1_0.id,
        i1_0.created_at,
        i2_0.id,
        i2_0.created_at,
        i2_0.ingredient_id,
        i2_0.minimum_stock,
        i2_0.quantity,
        i2_0.updated_at,
        i1_0.name,
        i1_0.unit,
        i1_0.updated_at 
    from
        ingredients i1_0 
    left join
        inventory i2_0 
            on i1_0.id=i2_0.ingredient_id 
    where
        i1_0.id=?
Hibernate: 
    select
        r1_0.menu_item_id,
        r1_0.id,
        r1_0.created_at,
        r1_0.ingredient_id,
        r1_0.quantity,
        r1_0.updated_at 
    from
        recipes r1_0 
    where
        r1_0.menu_item_id=?
Hibernate: 
    select
        c1_0.id,
        c1_0.created_at,
        c1_0.description,
        c1_0.name,
        c1_0.updated_at 
    from
        categories c1_0 
    where
        c1_0.id=?
Hibernate: 
    select
        r1_0.menu_item_id,
        r1_0.id,
        r1_0.created_at,
        r1_0.ingredient_id,
        r1_0.quantity,
        r1_0.updated_at 
    from
        recipes r1_0 
    where
        r1_0.menu_item_id=?
Hibernate: 
    select
        r1_0.menu_item_id,
        r1_0.id,
        r1_0.created_at,
        r1_0.ingredient_id,
        r1_0.quantity,
        r1_0.updated_at 
    from
        recipes r1_0 
    where
        r1_0.menu_item_id=?
Hibernate: 
    select
        r1_0.menu_item_id,
        r1_0.id,
        r1_0.created_at,
        r1_0.ingredient_id,
        r1_0.quantity,
        r1_0.updated_at 
    from
        recipes r1_0 
    where
        r1_0.menu_item_id=?
Hibernate: 
    select
        r1_0.menu_item_id,
        r1_0.id,
        r1_0.created_at,
        r1_0.ingredient_id,
        r1_0.quantity,
        r1_0.updated_at 
    from
        recipes r1_0 
    where
        r1_0.menu_item_id=?
Hibernate: 
    select
        c1_0.id,
        c1_0.created_at,
        c1_0.description,
        c1_0.name,
        c1_0.updated_at 
    from
        categories c1_0 
    where
        c1_0.id=?
Hibernate: 
    select
        r1_0.menu_item_id,
        r1_0.id,
        r1_0.created_at,
        r1_0.ingredient_id,
        r1_0.quantity,
        r1_0.updated_at 
    from
        recipes r1_0 
    where
        r1_0.menu_item_id=?
Hibernate: 
    select
        r1_0.menu_item_id,
        r1_0.id,
        r1_0.created_at,
        r1_0.ingredient_id,
        r1_0.quantity,
        r1_0.updated_at 
    from
        recipes r1_0 
    where
        r1_0.menu_item_id=?
Hibernate: 
    select
        i1_0.id,
        i1_0.created_at,
        i2_0.id,
        i2_0.created_at,
        i2_0.ingredient_id,
        i2_0.minimum_stock,
        i2_0.quantity,
        i2_0.updated_at,
        i1_0.name,
        i1_0.unit,
        i1_0.updated_at 
    from
        ingredients i1_0 
    left join
        inventory i2_0 
            on i1_0.id=i2_0.ingredient_id 
    where
        i1_0.id=?
Hibernate: 
    select
        i1_0.id,
        i1_0.created_at,
        i2_0.id,
        i2_0.created_at,
        i2_0.ingredient_id,
        i2_0.minimum_stock,
        i2_0.quantity,
        i2_0.updated_at,
        i1_0.name,
        i1_0.unit,
        i1_0.updated_at 
    from
        ingredients i1_0 
    left join
        inventory i2_0 
            on i1_0.id=i2_0.ingredient_id 
    where
        i1_0.id=?
Hibernate: 
    select
        r1_0.menu_item_id,
        r1_0.id,
        r1_0.created_at,
        r1_0.ingredient_id,
        r1_0.quantity,
        r1_0.updated_at 
    from
        recipes r1_0 
    where
        r1_0.menu_item_id=?
Hibernate: 
    select
        i1_0.id,
        i1_0.created_at,
        i2_0.id,
        i2_0.created_at,
        i2_0.ingredient_id,
        i2_0.minimum_stock,
        i2_0.quantity,
        i2_0.updated_at,
        i1_0.name,
        i1_0.unit,
        i1_0.updated_at 
    from
        ingredients i1_0 
    left join
        inventory i2_0 
            on i1_0.id=i2_0.ingredient_id 
    where
        i1_0.id=?
Hibernate: 
    select
        r1_0.menu_item_id,
        r1_0.id,
        r1_0.created_at,
        r1_0.ingredient_id,
        r1_0.quantity,
        r1_0.updated_at 
    from
        recipes r1_0 
    where
        r1_0.menu_item_id=?
Hibernate: 
    select
        r1_0.menu_item_id,
        r1_0.id,
        r1_0.created_at,
        r1_0.ingredient_id,
        r1_0.quantity,
        r1_0.updated_at 
    from
        recipes r1_0 
    where
        r1_0.menu_item_id=?
Hibernate: 
    select
        r1_0.menu_item_id,
        r1_0.id,
        r1_0.created_at,
        r1_0.ingredient_id,
        r1_0.quantity,
        r1_0.updated_at 
    from
        recipes r1_0 
    where
        r1_0.menu_item_id=?
Hibernate: 
    select
        c1_0.id,
        c1_0.created_at,
        c1_0.description,
        c1_0.name,
        c1_0.updated_at 
    from
        categories c1_0 
    where
        c1_0.id=?
Hibernate: 
    select
        r1_0.menu_item_id,
        r1_0.id,
        r1_0.created_at,
        r1_0.ingredient_id,
        r1_0.quantity,
        r1_0.updated_at 
    from
        recipes r1_0 
    where
        r1_0.menu_item_id=?
Hibernate: 
    select
        r1_0.menu_item_id,
        r1_0.id,
        r1_0.created_at,
        r1_0.ingredient_id,
        r1_0.quantity,
        r1_0.updated_at 
    from
        recipes r1_0 
    where
        r1_0.menu_item_id=?
Hibernate: 
    select
        r1_0.menu_item_id,
        r1_0.id,
        r1_0.created_at,
        r1_0.ingredient_id,
        r1_0.quantity,
        r1_0.updated_at 
    from
        recipes r1_0 
    where
        r1_0.menu_item_id=?
Hibernate: 
    select
        r1_0.menu_item_id,
        r1_0.id,
        r1_0.created_at,
        r1_0.ingredient_id,
        r1_0.quantity,
        r1_0.updated_at 
    from
        recipes r1_0 
    where
        r1_0.menu_item_id=?
Hibernate: 
    select
        r1_0.menu_item_id,
        r1_0.id,
        r1_0.created_at,
        r1_0.ingredient_id,
        r1_0.quantity,
        r1_0.updated_at 
    from
        recipes r1_0 
    where
        r1_0.menu_item_id=?
Hibernate: 
    select
        c1_0.id,
        c1_0.created_at,
        c1_0.description,
        c1_0.name,
        c1_0.updated_at 
    from
        categories c1_0 
    where
        c1_0.id=?
Hibernate: 
    select
        r1_0.menu_item_id,
        r1_0.id,
        r1_0.created_at,
        r1_0.ingredient_id,
        r1_0.quantity,
        r1_0.updated_at 
    from
        recipes r1_0 
    where
        r1_0.menu_item_id=?
Hibernate: 
    select
        r1_0.menu_item_id,
        r1_0.id,
        r1_0.created_at,
        r1_0.ingredient_id,
        r1_0.quantity,
        r1_0.updated_at 
    from
        recipes r1_0 
    where
        r1_0.menu_item_id=?
Hibernate: 
    select
        r1_0.menu_item_id,
        r1_0.id,
        r1_0.created_at,
        r1_0.ingredient_id,
        r1_0.quantity,
        r1_0.updated_at 
    from
        recipes r1_0 
    where
        r1_0.menu_item_id=?
Hibernate: 
    select
        r1_0.menu_item_id,
        r1_0.id,
        r1_0.created_at,
        r1_0.ingredient_id,
        r1_0.quantity,
        r1_0.updated_at 
    from
        recipes r1_0 
    where
        r1_0.menu_item_id=?
Hibernate: 
    select
        c1_0.id,
        c1_0.created_at,
        c1_0.description,
        c1_0.name,
        c1_0.updated_at 
    from
        categories c1_0 
    where
        c1_0.id=?
Hibernate: 
    select
        r1_0.menu_item_id,
        r1_0.id,
        r1_0.created_at,
        r1_0.ingredient_id,
        r1_0.quantity,
        r1_0.updated_at 
    from
        recipes r1_0 
    where
        r1_0.menu_item_id=?
Hibernate: 
    select
        r1_0.menu_item_id,
        r1_0.id,
        r1_0.created_at,
        r1_0.ingredient_id,
        r1_0.quantity,
        r1_0.updated_at 
    from
        recipes r1_0 
    where
        r1_0.menu_item_id=?
Hibernate: 
    select
        r1_0.menu_item_id,
        r1_0.id,
        r1_0.created_at,
        r1_0.ingredient_id,
        r1_0.quantity,
        r1_0.updated_at 
    from
        recipes r1_0 
    where
        r1_0.menu_item_id=?
Hibernate: 
    select
        r1_0.menu_item_id,
        r1_0.id,
        r1_0.created_at,
        r1_0.ingredient_id,
        r1_0.quantity,
        r1_0.updated_at 
    from
        recipes r1_0 
    where
        r1_0.menu_item_id=?
Hibernate: 
    select
        r1_0.menu_item_id,
        r1_0.id,
        r1_0.created_at,
        r1_0.ingredient_id,
        r1_0.quantity,
        r1_0.updated_at 
    from
        recipes r1_0 
    where
        r1_0.menu_item_id=?
Hibernate: 
    select
        r1_0.menu_item_id,
        r1_0.id,
        r1_0.created_at,
        r1_0.ingredient_id,
        r1_0.quantity,
        r1_0.updated_at 
    from
        recipes r1_0 
    where
        r1_0.menu_item_id=?
Hibernate: 
    select
        r1_0.menu_item_id,
        r1_0.id,
        r1_0.created_at,
        r1_0.ingredient_id,
        r1_0.quantity,
        r1_0.updated_at 
    from
        recipes r1_0 
    where
        r1_0.menu_item_id=?
Hibernate: 
    select
        r1_0.menu_item_id,
        r1_0.id,
        r1_0.created_at,
        r1_0.ingredient_id,
        r1_0.quantity,
        r1_0.updated_at 
    from
        recipes r1_0 
    where
        r1_0.menu_item_id=?
Hibernate: 
    select
        r1_0.menu_item_id,
        r1_0.id,
        r1_0.created_at,
        r1_0.ingredient_id,
        r1_0.quantity,
        r1_0.updated_at 
    from
        recipes r1_0 
    where
        r1_0.menu_item_id=?
Hibernate: 
    select
        r1_0.menu_item_id,
        r1_0.id,
        r1_0.created_at,
        r1_0.ingredient_id,
        r1_0.quantity,
        r1_0.updated_at 
    from
        recipes r1_0 
    where
        r1_0.menu_item_id=?
Hibernate: 
    select
        r1_0.menu_item_id,
        r1_0.id,
        r1_0.created_at,
        r1_0.ingredient_id,
        r1_0.quantity,
        r1_0.updated_at 
    from
        recipes r1_0 
    where
        r1_0.menu_item_id=?
Hibernate: 
    select
        r1_0.menu_item_id,
        r1_0.id,
        r1_0.created_at,
        r1_0.ingredient_id,
        r1_0.quantity,
        r1_0.updated_at 
    from
        recipes r1_0 
    where
        r1_0.menu_item_id=?
Hibernate: 
    select
        r1_0.menu_item_id,
        r1_0.id,
        r1_0.created_at,
        r1_0.ingredient_id,
        r1_0.quantity,
        r1_0.updated_at 
    from
        recipes r1_0 
    where
        r1_0.menu_item_id=?
Hibernate: 
    select
        u1_0.id,
        u1_0.active,
        u1_0.created_at,
        u1_0.email,
        u1_0.full_name,
        u1_0.password,
        u1_0.phone,
        u1_0.role_id,
        u1_0.updated_at,
        u1_0.username 
    from
        users u1_0 
    where
        u1_0.username=?
Hibernate: 
    select
        r1_0.id,
        r1_0.created_at,
        r1_0.description,
        r1_0.name,
        r1_0.updated_at 
    from
        roles r1_0 
    where
        r1_0.id=?
Hibernate: 
    select
        u1_0.id,
        u1_0.active,
        u1_0.created_at,
        u1_0.email,
        u1_0.full_name,
        u1_0.password,
        u1_0.phone,
        u1_0.role_id,
        u1_0.updated_at,
        u1_0.username 
    from
        users u1_0 
    where
        u1_0.username=?
Hibernate: 
    select
        r1_0.id,
        r1_0.created_at,
        r1_0.description,
        r1_0.name,
        r1_0.updated_at 
    from
        roles r1_0 
    where
        r1_0.id=?
Hibernate: 
    select
        mi1_0.id,
        mi1_0.available,
        mi1_0.badge_best_seller,
        mi1_0.badge_new,
        mi1_0.category_id,
        mi1_0.created_at,
        mi1_0.description,
        mi1_0.drink,
        mi1_0.drink_sizes_json,
        mi1_0.drink_toppings_json,
        mi1_0.image_url,
        mi1_0.name,
        mi1_0.price,
        mi1_0.updated_at 
    from
        menu_items mi1_0 
    where
        mi1_0.id=?
Hibernate: 
    select
        r1_0.id,
        r1_0.created_at,
        r1_0.ingredient_id,
        r1_0.menu_item_id,
        r1_0.quantity,
        r1_0.updated_at 
    from
        recipes r1_0 
    where
        r1_0.menu_item_id=?
Hibernate: 
    select
        i1_0.id,
        i1_0.created_at,
        i1_0.ingredient_id,
        i1_0.minimum_stock,
        i1_0.quantity,
        i1_0.updated_at 
    from
        inventory i1_0 
    where
        i1_0.ingredient_id=? 
    for
        updateof i1_0
Hibernate: 
    select
        i1_0.id,
        i1_0.created_at,
        i1_0.ingredient_id,
        i1_0.minimum_stock,
        i1_0.quantity,
        i1_0.updated_at 
    from
        inventory i1_0 
    where
        i1_0.ingredient_id=? 
    for
        updateof i1_0
Hibernate: 
    select
        i1_0.id,
        i1_0.created_at,
        i1_0.ingredient_id,
        i1_0.minimum_stock,
        i1_0.quantity,
        i1_0.updated_at 
    from
        inventory i1_0 
    where
        i1_0.ingredient_id=? 
    for
        updateof i1_0
Hibernate: 
    insert 
    into
        orders
        (created_at, created_by, note, qr_client_session_id, status, table_number, total_amount, updated_at) 
    values
        (?, ?, ?, ?, ?, ?, ?, ?)
Hibernate: 
    insert 
    into
        order_items
        (created_at, menu_item_id, order_id, quantity, selected_size_code, selected_size_label, selected_toppings_json, subtotal, unit_price, updated_at) 
    values
        (?, ?, ?, ?, ?, ?, ?, ?, ?, ?)
Hibernate: 
    select
        u1_0.id,
        u1_0.active,
        u1_0.created_at,
        u1_0.email,
        u1_0.full_name,
        u1_0.password,
        u1_0.phone,
        u1_0.role_id,
        u1_0.updated_at,
        u1_0.username 
    from
        users u1_0 
    where
        u1_0.username=?
Hibernate: 
    select
        r1_0.id,
        r1_0.created_at,
        r1_0.description,
        r1_0.name,
        r1_0.updated_at 
    from
        roles r1_0 
    where
        r1_0.id=?
Hibernate: 
    select
        u1_0.id,
        u1_0.active,
        u1_0.created_at,
        u1_0.email,
        u1_0.full_name,
        u1_0.password,
        u1_0.phone,
        u1_0.role_id,
        u1_0.updated_at,
        u1_0.username 
    from
        users u1_0 
    where
        u1_0.username=?
Hibernate: 
    select
        r1_0.id,
        r1_0.created_at,
        r1_0.description,
        r1_0.name,
        r1_0.updated_at 
    from
        roles r1_0 
    where
        r1_0.id=?
2026-04-12T11:56:03.489+07:00  WARN [req:f989d9a8-737d-416a-afd5-9dd6ba01f52f] 1940 --- [Capstone2] [nio-8080-exec-6] org.hibernate.orm.query                  : HHH90003004: firstResult/maxResults specified with collection fetch; applying in memory
Hibernate: 
    select
        o1_0.id,
        o1_0.created_at,
        cb1_0.id,
        cb1_0.active,
        cb1_0.created_at,
        cb1_0.email,
        cb1_0.full_name,
        cb1_0.password,
        cb1_0.phone,
        cb1_0.role_id,
        cb1_0.updated_at,
        cb1_0.username,
        o1_0.note,
        oi1_0.order_id,
        oi1_0.id,
        oi1_0.created_at,
        oi1_0.menu_item_id,
        mi1_0.id,
        mi1_0.available,
        mi1_0.badge_best_seller,
        mi1_0.badge_new,
        mi1_0.category_id,
        mi1_0.created_at,
        mi1_0.description,
        mi1_0.drink,
        mi1_0.drink_sizes_json,
        mi1_0.drink_toppings_json,
        mi1_0.image_url,
        mi1_0.name,
        mi1_0.price,
        mi1_0.updated_at,
        oi1_0.quantity,
        oi1_0.selected_size_code,
        oi1_0.selected_size_label,
        oi1_0.selected_toppings_json,
        oi1_0.subtotal,
        oi1_0.unit_price,
        oi1_0.updated_at,
        o1_0.qr_client_session_id,
        o1_0.status,
        o1_0.table_number,
        o1_0.total_amount,
        o1_0.updated_at 
    from
        orders o1_0 
    left join
        users cb1_0 
            on cb1_0.id=o1_0.created_by 
    left join
        order_items oi1_0 
            on o1_0.id=oi1_0.order_id 
    left join
        menu_items mi1_0 
            on mi1_0.id=oi1_0.menu_item_id 
    order by
        o1_0.created_at desc
Hibernate: 
    select
        count(o1_0.id) 
    from
        orders o1_0
Hibernate: 
    select
        u1_0.id,
        u1_0.active,
        u1_0.created_at,
        u1_0.email,
        u1_0.full_name,
        u1_0.password,
        u1_0.phone,
        u1_0.role_id,
        u1_0.updated_at,
        u1_0.username 
    from
        users u1_0 
    where
        u1_0.username=?
Hibernate: 
    select
        r1_0.id,
        r1_0.created_at,
        r1_0.description,
        r1_0.name,
        r1_0.updated_at 
    from
        roles r1_0 
    where
        r1_0.id=?
Hibernate: 
    select
        u1_0.id,
        u1_0.active,
        u1_0.created_at,
        u1_0.email,
        u1_0.full_name,
        u1_0.password,
        u1_0.phone,
        u1_0.role_id,
        u1_0.updated_at,
        u1_0.username 
    from
        users u1_0 
    where
        u1_0.username=?
Hibernate: 
    select
        r1_0.id,
        r1_0.created_at,
        r1_0.description,
        r1_0.name,
        r1_0.updated_at 
    from
        roles r1_0 
    where
        r1_0.id=?
2026-04-12T11:56:03.584+07:00  WARN [req:1892123d-1928-48af-9e55-3145fd751039] 1940 --- [Capstone2] [nio-8080-exec-2] org.hibernate.orm.query                  : HHH90003004: firstResult/maxResults specified with collection fetch; applying in memory
Hibernate: 
    select
        o1_0.id,
        o1_0.created_at,
        cb1_0.id,
        cb1_0.active,
        cb1_0.created_at,
        cb1_0.email,
        cb1_0.full_name,
        cb1_0.password,
        cb1_0.phone,
        cb1_0.role_id,
        cb1_0.updated_at,
        cb1_0.username,
        o1_0.note,
        oi1_0.order_id,
        oi1_0.id,
        oi1_0.created_at,
        oi1_0.menu_item_id,
        mi1_0.id,
        mi1_0.available,
        mi1_0.badge_best_seller,
        mi1_0.badge_new,
        mi1_0.category_id,
        mi1_0.created_at,
        mi1_0.description,
        mi1_0.drink,
        mi1_0.drink_sizes_json,
        mi1_0.drink_toppings_json,
        mi1_0.image_url,
        mi1_0.name,
        mi1_0.price,
        mi1_0.updated_at,
        oi1_0.quantity,
        oi1_0.selected_size_code,
        oi1_0.selected_size_label,
        oi1_0.selected_toppings_json,
        oi1_0.subtotal,
        oi1_0.unit_price,
        oi1_0.updated_at,
        o1_0.qr_client_session_id,
        o1_0.status,
        o1_0.table_number,
        o1_0.total_amount,
        o1_0.updated_at 
    from
        orders o1_0 
    left join
        users cb1_0 
            on cb1_0.id=o1_0.created_by 
    left join
        order_items oi1_0 
            on o1_0.id=oi1_0.order_id 
    left join
        menu_items mi1_0 
            on mi1_0.id=oi1_0.menu_item_id 
    order by
        o1_0.created_at desc
Hibernate: 
    select
        st1_0.id,
        st1_0.cashier_id,
        st1_0.created_at,
        st1_0.net_amount,
        st1_0.order_id,
        st1_0.paid_at,
        st1_0.payment_method,
        st1_0.payos_checkout_url,
        st1_0.payos_qr_code,
        st1_0.payos_qr_expires_at,
        st1_0.provider_transaction_id,
        st1_0.total_amount,
        st1_0.updated_at,
        st1_0.vat_amount,
        st1_0.vat_rate 
    from
        sales_transactions st1_0 
    where
        st1_0.order_id in (?, ?, ?, ?, ?, ?, ?, ?, ?, ?)
Hibernate: 
    select
        count(o1_0.id) 
    from
        orders o1_0
Hibernate: 
    select
        u1_0.id,
        u1_0.active,
        u1_0.created_at,
        u1_0.email,
        u1_0.full_name,
        u1_0.password,
        u1_0.phone,
        u1_0.role_id,
        u1_0.updated_at,
        u1_0.username 
    from
        users u1_0 
    where
        u1_0.username=?
Hibernate: 
    select
        r1_0.id,
        r1_0.created_at,
        r1_0.description,
        r1_0.name,
        r1_0.updated_at 
    from
        roles r1_0 
    where
        r1_0.id=?
Hibernate: 
    select
        st1_0.id,
        st1_0.cashier_id,
        st1_0.created_at,
        st1_0.net_amount,
        st1_0.order_id,
        st1_0.paid_at,
        st1_0.payment_method,
        st1_0.payos_checkout_url,
        st1_0.payos_qr_code,
        st1_0.payos_qr_expires_at,
        st1_0.provider_transaction_id,
        st1_0.total_amount,
        st1_0.updated_at,
        st1_0.vat_amount,
        st1_0.vat_rate 
    from
        sales_transactions st1_0 
    where
        st1_0.order_id in (?, ?, ?, ?, ?, ?, ?, ?, ?, ?)
Hibernate: 
    select
        u1_0.id,
        u1_0.active,
        u1_0.created_at,
        u1_0.email,
        u1_0.full_name,
        u1_0.password,
        u1_0.phone,
        u1_0.role_id,
        u1_0.updated_at,
        u1_0.username 
    from
        users u1_0 
    where
        u1_0.username=?
Hibernate: 
    select
        r1_0.id,
        r1_0.created_at,
        r1_0.description,
        r1_0.name,
        r1_0.updated_at 
    from
        roles r1_0 
    where
        r1_0.id=?
2026-04-12T11:56:05.869+07:00  WARN [req:8fcc9ae1-5c48-442f-8186-500508b1072c] 1940 --- [Capstone2] [nio-8080-exec-4] org.hibernate.orm.query                  : HHH90003004: firstResult/maxResults specified with collection fetch; applying in memory
Hibernate: 
    select
        o1_0.id,
        o1_0.created_at,
        cb1_0.id,
        cb1_0.active,
        cb1_0.created_at,
        cb1_0.email,
        cb1_0.full_name,
        cb1_0.password,
        cb1_0.phone,
        cb1_0.role_id,
        cb1_0.updated_at,
        cb1_0.username,
        o1_0.note,
        oi1_0.order_id,
        oi1_0.id,
        oi1_0.created_at,
        oi1_0.menu_item_id,
        mi1_0.id,
        mi1_0.available,
        mi1_0.badge_best_seller,
        mi1_0.badge_new,
        mi1_0.category_id,
        mi1_0.created_at,
        mi1_0.description,
        mi1_0.drink,
        mi1_0.drink_sizes_json,
        mi1_0.drink_toppings_json,
        mi1_0.image_url,
        mi1_0.name,
        mi1_0.price,
        mi1_0.updated_at,
        oi1_0.quantity,
        oi1_0.selected_size_code,
        oi1_0.selected_size_label,
        oi1_0.selected_toppings_json,
        oi1_0.subtotal,
        oi1_0.unit_price,
        oi1_0.updated_at,
        o1_0.qr_client_session_id,
        o1_0.status,
        o1_0.table_number,
        o1_0.total_amount,
        o1_0.updated_at 
    from
        orders o1_0 
    left join
        users cb1_0 
            on cb1_0.id=o1_0.created_by 
    left join
        order_items oi1_0 
            on o1_0.id=oi1_0.order_id 
    left join
        menu_items mi1_0 
            on mi1_0.id=oi1_0.menu_item_id 
    order by
        o1_0.created_at desc
Hibernate: 
    select
        count(o1_0.id) 
    from
        orders o1_0
Hibernate: 
    select
        u1_0.id,
        u1_0.active,
        u1_0.created_at,
        u1_0.email,
        u1_0.full_name,
        u1_0.password,
        u1_0.phone,
        u1_0.role_id,
        u1_0.updated_at,
        u1_0.username 
    from
        users u1_0 
    where
        u1_0.username=?
Hibernate: 
    select
        r1_0.id,
        r1_0.created_at,
        r1_0.description,
        r1_0.name,
        r1_0.updated_at 
    from
        roles r1_0 
    where
        r1_0.id=?
Hibernate: 
    select
        st1_0.id,
        st1_0.cashier_id,
        st1_0.created_at,
        st1_0.net_amount,
        st1_0.order_id,
        st1_0.paid_at,
        st1_0.payment_method,
        st1_0.payos_checkout_url,
        st1_0.payos_qr_code,
        st1_0.payos_qr_expires_at,
        st1_0.provider_transaction_id,
        st1_0.total_amount,
        st1_0.updated_at,
        st1_0.vat_amount,
        st1_0.vat_rate 
    from
        sales_transactions st1_0 
    where
        st1_0.order_id in (?, ?, ?, ?, ?, ?, ?, ?, ?, ?)
Hibernate: 
    select
        u1_0.id,
        u1_0.active,
        u1_0.created_at,
        u1_0.email,
        u1_0.full_name,
        u1_0.password,
        u1_0.phone,
        u1_0.role_id,
        u1_0.updated_at,
        u1_0.username 
    from
        users u1_0 
    where
        u1_0.username=?
Hibernate: 
    select
        r1_0.id,
        r1_0.created_at,
        r1_0.description,
        r1_0.name,
        r1_0.updated_at 
    from
        roles r1_0 
    where
        r1_0.id=?
2026-04-12T11:56:06.504+07:00  WARN [req:780f913b-8217-43eb-98b8-d102e6eaedac] 1940 --- [Capstone2] [nio-8080-exec-7] org.hibernate.orm.query                  : HHH90003004: firstResult/maxResults specified with collection fetch; applying in memory
Hibernate: 
    select
        o1_0.id,
        o1_0.created_at,
        cb1_0.id,
        cb1_0.active,
        cb1_0.created_at,
        cb1_0.email,
        cb1_0.full_name,
        cb1_0.password,
        cb1_0.phone,
        cb1_0.role_id,
        cb1_0.updated_at,
        cb1_0.username,
        o1_0.note,
        oi1_0.order_id,
        oi1_0.id,
        oi1_0.created_at,
        oi1_0.menu_item_id,
        mi1_0.id,
        mi1_0.available,
        mi1_0.badge_best_seller,
        mi1_0.badge_new,
        mi1_0.category_id,
        mi1_0.created_at,
        mi1_0.description,
        mi1_0.drink,
        mi1_0.drink_sizes_json,
        mi1_0.drink_toppings_json,
        mi1_0.image_url,
        mi1_0.name,
        mi1_0.price,
        mi1_0.updated_at,
        oi1_0.quantity,
        oi1_0.selected_size_code,
        oi1_0.selected_size_label,
        oi1_0.selected_toppings_json,
        oi1_0.subtotal,
        oi1_0.unit_price,
        oi1_0.updated_at,
        o1_0.qr_client_session_id,
        o1_0.status,
        o1_0.table_number,
        o1_0.total_amount,
        o1_0.updated_at 
    from
        orders o1_0 
    left join
        users cb1_0 
            on cb1_0.id=o1_0.created_by 
    left join
        order_items oi1_0 
            on o1_0.id=oi1_0.order_id 
    left join
        menu_items mi1_0 
            on mi1_0.id=oi1_0.menu_item_id 
    order by
        o1_0.created_at desc
Hibernate: 
    select
        count(o1_0.id) 
    from
        orders o1_0
Hibernate: 
    select
        u1_0.id,
        u1_0.active,
        u1_0.created_at,
        u1_0.email,
        u1_0.full_name,
        u1_0.password,
        u1_0.phone,
        u1_0.role_id,
        u1_0.updated_at,
        u1_0.username 
    from
        users u1_0 
    where
        u1_0.username=?
Hibernate: 
    select
        r1_0.id,
        r1_0.created_at,
        r1_0.description,
        r1_0.name,
        r1_0.updated_at 
    from
        roles r1_0 
    where
        r1_0.id=?
Hibernate: 
    select
        st1_0.id,
        st1_0.cashier_id,
        st1_0.created_at,
        st1_0.net_amount,
        st1_0.order_id,
        st1_0.paid_at,
        st1_0.payment_method,
        st1_0.payos_checkout_url,
        st1_0.payos_qr_code,
        st1_0.payos_qr_expires_at,
        st1_0.provider_transaction_id,
        st1_0.total_amount,
        st1_0.updated_at,
        st1_0.vat_amount,
        st1_0.vat_rate 
    from
        sales_transactions st1_0 
    where
        st1_0.order_id in (?, ?, ?, ?, ?, ?, ?, ?, ?, ?)
Hibernate: 
    select
        u1_0.id,
        u1_0.active,
        u1_0.created_at,
        u1_0.email,
        u1_0.full_name,
        u1_0.password,
        u1_0.phone,
        u1_0.role_id,
        u1_0.updated_at,
        u1_0.username 
    from
        users u1_0 
    where
        u1_0.username=?
Hibernate: 
    select
        r1_0.id,
        r1_0.created_at,
        r1_0.description,
        r1_0.name,
        r1_0.updated_at 
    from
        roles r1_0 
    where
        r1_0.id=?
2026-04-12T11:56:06.937+07:00  WARN [req:330eb720-e03a-47e0-86e9-79dee9ab759e] 1940 --- [Capstone2] [nio-8080-exec-1] org.hibernate.orm.query                  : HHH90003004: firstResult/maxResults specified with collection fetch; applying in memory
Hibernate: 
    select
        o1_0.id,
        o1_0.created_at,
        cb1_0.id,
        cb1_0.active,
        cb1_0.created_at,
        cb1_0.email,
        cb1_0.full_name,
        cb1_0.password,
        cb1_0.phone,
        cb1_0.role_id,
        cb1_0.updated_at,
        cb1_0.username,
        o1_0.note,
        oi1_0.order_id,
        oi1_0.id,
        oi1_0.created_at,
        oi1_0.menu_item_id,
        mi1_0.id,
        mi1_0.available,
        mi1_0.badge_best_seller,
        mi1_0.badge_new,
        mi1_0.category_id,
        mi1_0.created_at,
        mi1_0.description,
        mi1_0.drink,
        mi1_0.drink_sizes_json,
        mi1_0.drink_toppings_json,
        mi1_0.image_url,
        mi1_0.name,
        mi1_0.price,
        mi1_0.updated_at,
        oi1_0.quantity,
        oi1_0.selected_size_code,
        oi1_0.selected_size_label,
        oi1_0.selected_toppings_json,
        oi1_0.subtotal,
        oi1_0.unit_price,
        oi1_0.updated_at,
        o1_0.qr_client_session_id,
        o1_0.status,
        o1_0.table_number,
        o1_0.total_amount,
        o1_0.updated_at 
    from
        orders o1_0 
    left join
        users cb1_0 
            on cb1_0.id=o1_0.created_by 
    left join
        order_items oi1_0 
            on o1_0.id=oi1_0.order_id 
    left join
        menu_items mi1_0 
            on mi1_0.id=oi1_0.menu_item_id 
    order by
        o1_0.created_at desc
Hibernate: 
    select
        count(o1_0.id) 
    from
        orders o1_0
Hibernate: 
    select
        u1_0.id,
        u1_0.active,
        u1_0.created_at,
        u1_0.email,
        u1_0.full_name,
        u1_0.password,
        u1_0.phone,
        u1_0.role_id,
        u1_0.updated_at,
        u1_0.username 
    from
        users u1_0 
    where
        u1_0.username=?
Hibernate: 
    select
        r1_0.id,
        r1_0.created_at,
        r1_0.description,
        r1_0.name,
        r1_0.updated_at 
    from
        roles r1_0 
    where
        r1_0.id=?
Hibernate: 
    select
        st1_0.id,
        st1_0.cashier_id,
        st1_0.created_at,
        st1_0.net_amount,
        st1_0.order_id,
        st1_0.paid_at,
        st1_0.payment_method,
        st1_0.payos_checkout_url,
        st1_0.payos_qr_code,
        st1_0.payos_qr_expires_at,
        st1_0.provider_transaction_id,
        st1_0.total_amount,
        st1_0.updated_at,
        st1_0.vat_amount,
        st1_0.vat_rate 
    from
        sales_transactions st1_0 
    where
        st1_0.order_id in (?, ?, ?, ?, ?, ?, ?, ?, ?, ?)
Hibernate: 
    select
        u1_0.id,
        u1_0.active,
        u1_0.created_at,
        u1_0.email,
        u1_0.full_name,
        u1_0.password,
        u1_0.phone,
        u1_0.role_id,
        u1_0.updated_at,
        u1_0.username 
    from
        users u1_0 
    where
        u1_0.username=?
Hibernate: 
    select
        r1_0.id,
        r1_0.created_at,
        r1_0.description,
        r1_0.name,
        r1_0.updated_at 
    from
        roles r1_0 
    where
        r1_0.id=?
2026-04-12T11:56:07.144+07:00  WARN [req:2684d502-4a8d-46d3-8cf5-e1fd92f93d9c] 1940 --- [Capstone2] [nio-8080-exec-9] org.hibernate.orm.query                  : HHH90003004: firstResult/maxResults specified with collection fetch; applying in memory
Hibernate: 
    select
        o1_0.id,
        o1_0.created_at,
        cb1_0.id,
        cb1_0.active,
        cb1_0.created_at,
        cb1_0.email,
        cb1_0.full_name,
        cb1_0.password,
        cb1_0.phone,
        cb1_0.role_id,
        cb1_0.updated_at,
        cb1_0.username,
        o1_0.note,
        oi1_0.order_id,
        oi1_0.id,
        oi1_0.created_at,
        oi1_0.menu_item_id,
        mi1_0.id,
        mi1_0.available,
        mi1_0.badge_best_seller,
        mi1_0.badge_new,
        mi1_0.category_id,
        mi1_0.created_at,
        mi1_0.description,
        mi1_0.drink,
        mi1_0.drink_sizes_json,
        mi1_0.drink_toppings_json,
        mi1_0.image_url,
        mi1_0.name,
        mi1_0.price,
        mi1_0.updated_at,
        oi1_0.quantity,
        oi1_0.selected_size_code,
        oi1_0.selected_size_label,
        oi1_0.selected_toppings_json,
        oi1_0.subtotal,
        oi1_0.unit_price,
        oi1_0.updated_at,
        o1_0.qr_client_session_id,
        o1_0.status,
        o1_0.table_number,
        o1_0.total_amount,
        o1_0.updated_at 
    from
        orders o1_0 
    left join
        users cb1_0 
            on cb1_0.id=o1_0.created_by 
    left join
        order_items oi1_0 
            on o1_0.id=oi1_0.order_id 
    left join
        menu_items mi1_0 
            on mi1_0.id=oi1_0.menu_item_id 
    order by
        o1_0.created_at desc
Hibernate: 
    select
        count(o1_0.id) 
    from
        orders o1_0
Hibernate: 
    select
        u1_0.id,
        u1_0.active,
        u1_0.created_at,
        u1_0.email,
        u1_0.full_name,
        u1_0.password,
        u1_0.phone,
        u1_0.role_id,
        u1_0.updated_at,
        u1_0.username 
    from
        users u1_0 
    where
        u1_0.username=?
Hibernate: 
    select
        r1_0.id,
        r1_0.created_at,
        r1_0.description,
        r1_0.name,
        r1_0.updated_at 
    from
        roles r1_0 
    where
        r1_0.id=?
Hibernate: 
    select
        st1_0.id,
        st1_0.cashier_id,
        st1_0.created_at,
        st1_0.net_amount,
        st1_0.order_id,
        st1_0.paid_at,
        st1_0.payment_method,
        st1_0.payos_checkout_url,
        st1_0.payos_qr_code,
        st1_0.payos_qr_expires_at,
        st1_0.provider_transaction_id,
        st1_0.total_amount,
        st1_0.updated_at,
        st1_0.vat_amount,
        st1_0.vat_rate 
    from
        sales_transactions st1_0 
    where
        st1_0.order_id in (?, ?, ?, ?, ?, ?, ?, ?, ?, ?)
Hibernate: 
    select
        u1_0.id,
        u1_0.active,
        u1_0.created_at,
        u1_0.email,
        u1_0.full_name,
        u1_0.password,
        u1_0.phone,
        u1_0.role_id,
        u1_0.updated_at,
        u1_0.username 
    from
        users u1_0 
    where
        u1_0.username=?
Hibernate: 
    select
        r1_0.id,
        r1_0.created_at,
        r1_0.description,
        r1_0.name,
        r1_0.updated_at 
    from
        roles r1_0 
    where
        r1_0.id=?
2026-04-12T11:56:07.400+07:00  WARN [req:02fdc797-b906-4fbf-af56-cf8d4267fa3b] 1940 --- [Capstone2] [nio-8080-exec-5] org.hibernate.orm.query                  : HHH90003004: firstResult/maxResults specified with collection fetch; applying in memory
Hibernate: 
    select
        o1_0.id,
        o1_0.created_at,
        cb1_0.id,
        cb1_0.active,
        cb1_0.created_at,
        cb1_0.email,
        cb1_0.full_name,
        cb1_0.password,
        cb1_0.phone,
        cb1_0.role_id,
        cb1_0.updated_at,
        cb1_0.username,
        o1_0.note,
        oi1_0.order_id,
        oi1_0.id,
        oi1_0.created_at,
        oi1_0.menu_item_id,
        mi1_0.id,
        mi1_0.available,
        mi1_0.badge_best_seller,
        mi1_0.badge_new,
        mi1_0.category_id,
        mi1_0.created_at,
        mi1_0.description,
        mi1_0.drink,
        mi1_0.drink_sizes_json,
        mi1_0.drink_toppings_json,
        mi1_0.image_url,
        mi1_0.name,
        mi1_0.price,
        mi1_0.updated_at,
        oi1_0.quantity,
        oi1_0.selected_size_code,
        oi1_0.selected_size_label,
        oi1_0.selected_toppings_json,
        oi1_0.subtotal,
        oi1_0.unit_price,
        oi1_0.updated_at,
        o1_0.qr_client_session_id,
        o1_0.status,
        o1_0.table_number,
        o1_0.total_amount,
        o1_0.updated_at 
    from
        orders o1_0 
    left join
        users cb1_0 
            on cb1_0.id=o1_0.created_by 
    left join
        order_items oi1_0 
            on o1_0.id=oi1_0.order_id 
    left join
        menu_items mi1_0 
            on mi1_0.id=oi1_0.menu_item_id 
    order by
        o1_0.created_at desc
Hibernate: 
    select
        count(o1_0.id) 
    from
        orders o1_0
Hibernate: 
    select
        u1_0.id,
        u1_0.active,
        u1_0.created_at,
        u1_0.email,
        u1_0.full_name,
        u1_0.password,
        u1_0.phone,
        u1_0.role_id,
        u1_0.updated_at,
        u1_0.username 
    from
        users u1_0 
    where
        u1_0.username=?
Hibernate: 
    select
        r1_0.id,
        r1_0.created_at,
        r1_0.description,
        r1_0.name,
        r1_0.updated_at 
    from
        roles r1_0 
    where
        r1_0.id=?
Hibernate: 
    select
        st1_0.id,
        st1_0.cashier_id,
        st1_0.created_at,
        st1_0.net_amount,
        st1_0.order_id,
        st1_0.paid_at,
        st1_0.payment_method,
        st1_0.payos_checkout_url,
        st1_0.payos_qr_code,
        st1_0.payos_qr_expires_at,
        st1_0.provider_transaction_id,
        st1_0.total_amount,
        st1_0.updated_at,
        st1_0.vat_amount,
        st1_0.vat_rate 
    from
        sales_transactions st1_0 
    where
        st1_0.order_id in (?, ?, ?, ?, ?, ?, ?, ?, ?, ?)
Hibernate: 
    select
        u1_0.id,
        u1_0.active,
        u1_0.created_at,
        u1_0.email,
        u1_0.full_name,
        u1_0.password,
        u1_0.phone,
        u1_0.role_id,
        u1_0.updated_at,
        u1_0.username 
    from
        users u1_0 
    where
        u1_0.username=?
Hibernate: 
    select
        r1_0.id,
        r1_0.created_at,
        r1_0.description,
        r1_0.name,
        r1_0.updated_at 
    from
        roles r1_0 
    where
        r1_0.id=?
2026-04-12T11:56:07.651+07:00  WARN [req:eefaa7c3-8fe8-46bf-849c-70e75f5591af] 1940 --- [Capstone2] [nio-8080-exec-4] org.hibernate.orm.query                  : HHH90003004: firstResult/maxResults specified with collection fetch; applying in memory
Hibernate: 
    select
        o1_0.id,
        o1_0.created_at,
        cb1_0.id,
        cb1_0.active,
        cb1_0.created_at,
        cb1_0.email,
        cb1_0.full_name,
        cb1_0.password,
        cb1_0.phone,
        cb1_0.role_id,
        cb1_0.updated_at,
        cb1_0.username,
        o1_0.note,
        oi1_0.order_id,
        oi1_0.id,
        oi1_0.created_at,
        oi1_0.menu_item_id,
        mi1_0.id,
        mi1_0.available,
        mi1_0.badge_best_seller,
        mi1_0.badge_new,
        mi1_0.category_id,
        mi1_0.created_at,
        mi1_0.description,
        mi1_0.drink,
        mi1_0.drink_sizes_json,
        mi1_0.drink_toppings_json,
        mi1_0.image_url,
        mi1_0.name,
        mi1_0.price,
        mi1_0.updated_at,
        oi1_0.quantity,
        oi1_0.selected_size_code,
        oi1_0.selected_size_label,
        oi1_0.selected_toppings_json,
        oi1_0.subtotal,
        oi1_0.unit_price,
        oi1_0.updated_at,
        o1_0.qr_client_session_id,
        o1_0.status,
        o1_0.table_number,
        o1_0.total_amount,
        o1_0.updated_at 
    from
        orders o1_0 
    left join
        users cb1_0 
            on cb1_0.id=o1_0.created_by 
    left join
        order_items oi1_0 
            on o1_0.id=oi1_0.order_id 
    left join
        menu_items mi1_0 
            on mi1_0.id=oi1_0.menu_item_id 
    order by
        o1_0.created_at desc
Hibernate: 
    select
        count(o1_0.id) 
    from
        orders o1_0
Hibernate: 
    select
        u1_0.id,
        u1_0.active,
        u1_0.created_at,
        u1_0.email,
        u1_0.full_name,
        u1_0.password,
        u1_0.phone,
        u1_0.role_id,
        u1_0.updated_at,
        u1_0.username 
    from
        users u1_0 
    where
        u1_0.username=?
Hibernate: 
    select
        r1_0.id,
        r1_0.created_at,
        r1_0.description,
        r1_0.name,
        r1_0.updated_at 
    from
        roles r1_0 
    where
        r1_0.id=?
Hibernate: 
    select
        st1_0.id,
        st1_0.cashier_id,
        st1_0.created_at,
        st1_0.net_amount,
        st1_0.order_id,
        st1_0.paid_at,
        st1_0.payment_method,
        st1_0.payos_checkout_url,
        st1_0.payos_qr_code,
        st1_0.payos_qr_expires_at,
        st1_0.provider_transaction_id,
        st1_0.total_amount,
        st1_0.updated_at,
        st1_0.vat_amount,
        st1_0.vat_rate 
    from
        sales_transactions st1_0 
    where
        st1_0.order_id in (?, ?, ?, ?, ?, ?, ?, ?, ?, ?)
Hibernate: 
    select
        u1_0.id,
        u1_0.active,
        u1_0.created_at,
        u1_0.email,
        u1_0.full_name,
        u1_0.password,
        u1_0.phone,
        u1_0.role_id,
        u1_0.updated_at,
        u1_0.username 
    from
        users u1_0 
    where
        u1_0.username=?
Hibernate: 
    select
        r1_0.id,
        r1_0.created_at,
        r1_0.description,
        r1_0.name,
        r1_0.updated_at 
    from
        roles r1_0 
    where
        r1_0.id=?
2026-04-12T11:56:07.821+07:00  WARN [req:6adad269-e0ce-4a61-bc3e-418ba6c93e10] 1940 --- [Capstone2] [nio-8080-exec-7] org.hibernate.orm.query                  : HHH90003004: firstResult/maxResults specified with collection fetch; applying in memory
Hibernate: 
    select
        o1_0.id,
        o1_0.created_at,
        cb1_0.id,
        cb1_0.active,
        cb1_0.created_at,
        cb1_0.email,
        cb1_0.full_name,
        cb1_0.password,
        cb1_0.phone,
        cb1_0.role_id,
        cb1_0.updated_at,
        cb1_0.username,
        o1_0.note,
        oi1_0.order_id,
        oi1_0.id,
        oi1_0.created_at,
        oi1_0.menu_item_id,
        mi1_0.id,
        mi1_0.available,
        mi1_0.badge_best_seller,
        mi1_0.badge_new,
        mi1_0.category_id,
        mi1_0.created_at,
        mi1_0.description,
        mi1_0.drink,
        mi1_0.drink_sizes_json,
        mi1_0.drink_toppings_json,
        mi1_0.image_url,
        mi1_0.name,
        mi1_0.price,
        mi1_0.updated_at,
        oi1_0.quantity,
        oi1_0.selected_size_code,
        oi1_0.selected_size_label,
        oi1_0.selected_toppings_json,
        oi1_0.subtotal,
        oi1_0.unit_price,
        oi1_0.updated_at,
        o1_0.qr_client_session_id,
        o1_0.status,
        o1_0.table_number,
        o1_0.total_amount,
        o1_0.updated_at 
    from
        orders o1_0 
    left join
        users cb1_0 
            on cb1_0.id=o1_0.created_by 
    left join
        order_items oi1_0 
            on o1_0.id=oi1_0.order_id 
    left join
        menu_items mi1_0 
            on mi1_0.id=oi1_0.menu_item_id 
    order by
        o1_0.created_at desc
Hibernate: 
    select
        count(o1_0.id) 
    from
        orders o1_0
Hibernate: 
    select
        u1_0.id,
        u1_0.active,
        u1_0.created_at,
        u1_0.email,
        u1_0.full_name,
        u1_0.password,
        u1_0.phone,
        u1_0.role_id,
        u1_0.updated_at,
        u1_0.username 
    from
        users u1_0 
    where
        u1_0.username=?
Hibernate: 
    select
        r1_0.id,
        r1_0.created_at,
        r1_0.description,
        r1_0.name,
        r1_0.updated_at 
    from
        roles r1_0 
    where
        r1_0.id=?
Hibernate: 
    select
        st1_0.id,
        st1_0.cashier_id,
        st1_0.created_at,
        st1_0.net_amount,
        st1_0.order_id,
        st1_0.paid_at,
        st1_0.payment_method,
        st1_0.payos_checkout_url,
        st1_0.payos_qr_code,
        st1_0.payos_qr_expires_at,
        st1_0.provider_transaction_id,
        st1_0.total_amount,
        st1_0.updated_at,
        st1_0.vat_amount,
        st1_0.vat_rate 
    from
        sales_transactions st1_0 
    where
        st1_0.order_id in (?, ?, ?, ?, ?, ?, ?, ?, ?, ?)
Hibernate: 
    select
        u1_0.id,
        u1_0.active,
        u1_0.created_at,
        u1_0.email,
        u1_0.full_name,
        u1_0.password,
        u1_0.phone,
        u1_0.role_id,
        u1_0.updated_at,
        u1_0.username 
    from
        users u1_0 
    where
        u1_0.username=?
Hibernate: 
    select
        r1_0.id,
        r1_0.created_at,
        r1_0.description,
        r1_0.name,
        r1_0.updated_at 
    from
        roles r1_0 
    where
        r1_0.id=?
2026-04-12T11:56:07.968+07:00  WARN [req:2adac7d8-8fc8-41b7-8696-c54b9d030d3b] 1940 --- [Capstone2] [nio-8080-exec-1] org.hibernate.orm.query                  : HHH90003004: firstResult/maxResults specified with collection fetch; applying in memory
Hibernate: 
    select
        o1_0.id,
        o1_0.created_at,
        cb1_0.id,
        cb1_0.active,
        cb1_0.created_at,
        cb1_0.email,
        cb1_0.full_name,
        cb1_0.password,
        cb1_0.phone,
        cb1_0.role_id,
        cb1_0.updated_at,
        cb1_0.username,
        o1_0.note,
        oi1_0.order_id,
        oi1_0.id,
        oi1_0.created_at,
        oi1_0.menu_item_id,
        mi1_0.id,
        mi1_0.available,
        mi1_0.badge_best_seller,
        mi1_0.badge_new,
        mi1_0.category_id,
        mi1_0.created_at,
        mi1_0.description,
        mi1_0.drink,
        mi1_0.drink_sizes_json,
        mi1_0.drink_toppings_json,
        mi1_0.image_url,
        mi1_0.name,
        mi1_0.price,
        mi1_0.updated_at,
        oi1_0.quantity,
        oi1_0.selected_size_code,
        oi1_0.selected_size_label,
        oi1_0.selected_toppings_json,
        oi1_0.subtotal,
        oi1_0.unit_price,
        oi1_0.updated_at,
        o1_0.qr_client_session_id,
        o1_0.status,
        o1_0.table_number,
        o1_0.total_amount,
        o1_0.updated_at 
    from
        orders o1_0 
    left join
        users cb1_0 
            on cb1_0.id=o1_0.created_by 
    left join
        order_items oi1_0 
            on o1_0.id=oi1_0.order_id 
    left join
        menu_items mi1_0 
            on mi1_0.id=oi1_0.menu_item_id 
    order by
        o1_0.created_at desc
Hibernate: 
    select
        count(o1_0.id) 
    from
        orders o1_0
Hibernate: 
    select
        u1_0.id,
        u1_0.active,
        u1_0.created_at,
        u1_0.email,
        u1_0.full_name,
        u1_0.password,
        u1_0.phone,
        u1_0.role_id,
        u1_0.updated_at,
        u1_0.username 
    from
        users u1_0 
    where
        u1_0.username=?
Hibernate: 
    select
        r1_0.id,
        r1_0.created_at,
        r1_0.description,
        r1_0.name,
        r1_0.updated_at 
    from
        roles r1_0 
    where
        r1_0.id=?
Hibernate: 
    select
        st1_0.id,
        st1_0.cashier_id,
        st1_0.created_at,
        st1_0.net_amount,
        st1_0.order_id,
        st1_0.paid_at,
        st1_0.payment_method,
        st1_0.payos_checkout_url,
        st1_0.payos_qr_code,
        st1_0.payos_qr_expires_at,
        st1_0.provider_transaction_id,
        st1_0.total_amount,
        st1_0.updated_at,
        st1_0.vat_amount,
        st1_0.vat_rate 
    from
        sales_transactions st1_0 
    where
        st1_0.order_id in (?, ?, ?, ?, ?, ?, ?, ?, ?, ?)
Hibernate: 
    select
        u1_0.id,
        u1_0.active,
        u1_0.created_at,
        u1_0.email,
        u1_0.full_name,
        u1_0.password,
        u1_0.phone,
        u1_0.role_id,
        u1_0.updated_at,
        u1_0.username 
    from
        users u1_0 
    where
        u1_0.username=?
Hibernate: 
    select
        r1_0.id,
        r1_0.created_at,
        r1_0.description,
        r1_0.name,
        r1_0.updated_at 
    from
        roles r1_0 
    where
        r1_0.id=?
2026-04-12T11:56:08.432+07:00  WARN [req:068c8e45-7994-43dc-80f2-029220109839] 1940 --- [Capstone2] [nio-8080-exec-9] org.hibernate.orm.query                  : HHH90003004: firstResult/maxResults specified with collection fetch; applying in memory
Hibernate: 
    select
        o1_0.id,
        o1_0.created_at,
        cb1_0.id,
        cb1_0.active,
        cb1_0.created_at,
        cb1_0.email,
        cb1_0.full_name,
        cb1_0.password,
        cb1_0.phone,
        cb1_0.role_id,
        cb1_0.updated_at,
        cb1_0.username,
        o1_0.note,
        oi1_0.order_id,
        oi1_0.id,
        oi1_0.created_at,
        oi1_0.menu_item_id,
        mi1_0.id,
        mi1_0.available,
        mi1_0.badge_best_seller,
        mi1_0.badge_new,
        mi1_0.category_id,
        mi1_0.created_at,
        mi1_0.description,
        mi1_0.drink,
        mi1_0.drink_sizes_json,
        mi1_0.drink_toppings_json,
        mi1_0.image_url,
        mi1_0.name,
        mi1_0.price,
        mi1_0.updated_at,
        oi1_0.quantity,
        oi1_0.selected_size_code,
        oi1_0.selected_size_label,
        oi1_0.selected_toppings_json,
        oi1_0.subtotal,
        oi1_0.unit_price,
        oi1_0.updated_at,
        o1_0.qr_client_session_id,
        o1_0.status,
        o1_0.table_number,
        o1_0.total_amount,
        o1_0.updated_at 
    from
        orders o1_0 
    left join
        users cb1_0 
            on cb1_0.id=o1_0.created_by 
    left join
        order_items oi1_0 
            on o1_0.id=oi1_0.order_id 
    left join
        menu_items mi1_0 
            on mi1_0.id=oi1_0.menu_item_id 
    order by
        o1_0.created_at desc
Hibernate: 
    select
        u1_0.id,
        u1_0.active,
        u1_0.created_at,
        u1_0.email,
        u1_0.full_name,
        u1_0.password,
        u1_0.phone,
        u1_0.role_id,
        u1_0.updated_at,
        u1_0.username 
    from
        users u1_0 
    where
        u1_0.username=?
Hibernate: 
    select
        r1_0.id,
        r1_0.created_at,
        r1_0.description,
        r1_0.name,
        r1_0.updated_at 
    from
        roles r1_0 
    where
        r1_0.id=?
Hibernate: 
    select
        st1_0.id,
        st1_0.cashier_id,
        st1_0.created_at,
        st1_0.net_amount,
        st1_0.order_id,
        st1_0.paid_at,
        st1_0.payment_method,
        st1_0.payos_checkout_url,
        st1_0.payos_qr_code,
        st1_0.payos_qr_expires_at,
        st1_0.provider_transaction_id,
        st1_0.total_amount,
        st1_0.updated_at,
        st1_0.vat_amount,
        st1_0.vat_rate 
    from
        sales_transactions st1_0 
    where
        st1_0.order_id in (?, ?, ?, ?, ?, ?, ?)
